degree,I1,I2,I3,I4,I5,I6
0.0,0.21889217864091443,-9.995360149332605e-9,0.006091172667388158,0.8466500204388886,0.17326766156602644,0.6868808047530152
1.0,0.22960408231536533,-9.995822435721865e-9,0.006851448777587728,0.9039633051727148,0.1943753993157563,0.7279559524731355
2.0,0.24177604462920363,-9.996270118959032e-9,0.007772291150508809,0.969120927897056,0.21837374048662114,0.774654765713201
3.0,0.2557234707636413,-9.996701442583156e-9,0.008900051400935053,1.043818018198047,0.24588739548775268,0.8281924202933876
4.0,0.27185957851003195,-9.997114594704928e-9,0.010303450235064827,1.1302754760330957,0.27773484067567566,0.8901609923359507
5.0,0.29073651224545255,-9.997507718902427e-9,0.012078989294380746,1.2314609428500949,0.3150097547986768,0.962687865090883
6.0,0.3131090699863843,-9.997878927025838e-9,0.014369757822074832,1.3514313832721214,0.3592072726734324,1.0486813069477587
7.0,0.3400368644979476,-9.998225904447416e-9,0.017414435782723867,1.4958824778848097,0.4124264611859079,1.1522242175529005
8.0,0.3730404840358749,-9.998547480317225e-9,0.021527914967339825,1.6729937482348076,0.47768242986677767,1.279173324757922
9.0,0.41444147671975773,-9.998841478208524e-9,0.027312404502240747,1.8952399637916755,0.5595720836513045,1.4384762729380807
10.0,0.46787949267089,-9.99910508020354e-9,0.03575023795581521,2.1821907938239367,0.6653072135814647,1.6441589078975154
11.0,0.5393875657802848,-9.999338419793555e-9,0.048908001687680065,2.56630797738994,0.8068483846452503,1.919476794554328
12.0,0.6400822264957559,-9.999538933542058e-9,0.07095017252546416,3.1073436196087716,1.006218297565126,2.3072679950766375
13.0,0.7923331654789864,-9.99970505073708e-9,0.1120888881209083,3.9255928102873336,1.3077489904796085,2.893752943331968
14.0,1.0478952448279362,-9.999823768459297e-9,0.19557065841796037,5.306497404713305,1.814763327380423,3.8791199331465527
15.0,0.5630286947349449,2.453756863477801,0.00794496272440994,0.30649739471389376,0.021433734919866304,0.4458713918636788
16.0,0.5281723826059077,2.3162191240108534,0.004915722348724546,0.25434930638641096,-9.999754917370503e-9,0.4000510447522521
17.0,0.5316609376957713,2.3371437199487417,0.005059314842208723,0.25301018417004106,-9.999761295035307e-9,0.4002901878492834
18.0,0.535237873247939,2.358559470839924,0.005205896181404046,0.25165123200569667,-9.9997675500159e-9,0.40055161658900873
19.0,0.53890499721357,2.380475778784136,0.005355695524852875,0.2502721823710141,-9.999773681316272e-9,0.40083588096265343
20.0,0.5426642115038207,2.4029025576998095,0.005508426064273663,0.24887274491129494,-9.999779688354504e-9,0.4011435507563662
21.0,0.5465175135344628,2.425850252688611,0.005664820044747407,0.24745260608022662,-9.999785570931894e-9,0.4014752155382018
22.0,0.5504670038561716,2.4493298666804346,0.0058243343865833136,0.24601142723402833,-9.999791329200725e-9,0.40183148665364193
23.0,0.5545148865327745,2.473352978515671,0.005987458015866671,0.2445488445911907,-9.999796963633388e-9,0.4022129968562825
24.0,0.5586634752982362,2.4979317680678625,0.006154402129299572,0.2430644677253809,-9.99980247499004e-9,0.4026204018435473
25.0,0.5629151974591234,2.5230790388541724,0.00632525017143685,0.24155787864648706,-9.999807864287877e-9,0.40305438106393665
26.0,0.567272597707675,2.5488082406952035,0.006500197963049304,0.24002863091628673,-9.999813132771275e-9,0.4035156385068256
27.0,0.5717383429510204,2.575133493928294,0.006679212207643353,0.23847624851635468,-9.999818281883109e-9,0.40400490383139004
28.0,0.5763152253703127,2.6020696115783295,0.006862829020174417,0.23690022518093443,-9.999823313237462e-9,0.4045229329313784
29.0,0.5810061691339989,2.629632126749672,0.007050778687611971,0.23530002280772513,-9.999828228594132e-9,0.4050705096867375
30.0,0.5858142323383128,2.6578373140268337,0.007243595910860338,0.23367507110215915,-9.999833029834499e-9,0.4056484461807138
31.0,0.5907426134984811,2.686702217470628,0.0074415335565904,0.23202476607070494,-9.99983771893946e-9,0.4062575843882832
32.0,0.5957946563391817,2.7162446769126634,0.007644610321736518,0.2303484689624125,-9.999842297969045e-9,0.40689879731652795
33.0,0.6009738536853321,2.746483353525455,0.007853289748975176,0.22864550545388107,-9.999846769043587e-9,0.40757298985915374
34.0,0.6062838539065535,2.7774377596869573,0.008067736517457218,0.22691516419490101,-9.999851134326995e-9,0.40828110046695637
35.0,0.6117284656005851,2.8091282870886074,0.008288248221460588,0.22515669581822792,-9.999855396011441e-9,0.4090241022513538
36.0,0.617311663408023,2.841576237271587,0.008515139937064382,0.22336931167372248,-9.999859556303506e-9,0.40980300444422885
37.0,0.6237833366565542,2.8748237615634906,0.00869440870581717,0.2199865164414276,-9.999864372925073e-9,0.40971673202145287
38.0,0.6295906302084892,2.908473450103221,0.00893053042628315,0.21815761403509512,-9.999868282043005e-9,0.410560667271365
39.0,0.6355479137532207,2.942941371325813,0.009173926962129982,0.21629754618088615,-9.999872098734542e-9,0.411443446339805
40.0,0.6416598597576412,2.978252656023295,0.00942496359200589,0.21440535845903763,-9.99987582513811e-9,0.4123662293999471
41.0,0.6479313363785862,3.014433503119789,0.009683964787800276,0.2124800508908357,-9.999879463350338e-9,0.4133302203601891
42.0,0.6543674145295859,3.051511218413825,0.009951353569935088,0.2105205764390721,-9.99988301542211e-9,0.4143366686507498
43.0,0.6609733757911616,3.089514256029694,0.010227514739708364,0.20852583931453952,-9.999886483354782e-9,0.41538687126113244
44.0,0.6677547203730922,3.1284722614142724,0.010512853417093666,0.20649469328687167,-9.999889869097591e-9,0.41648217477352667
45.0,0.6747171755007999,3.1684161165480886,0.010807846487872958,0.20442593990525934,-9.999893174545612e-9,0.41762397750767927
46.0,0.6818667045715947,3.2093779880569158,0.011112908228290364,0.2023183265415697,-9.999896401538323e-9,0.4188137318829458
47.0,0.6892095161793383,3.251391376816006,0.0114285931359897,0.20017054448645988,-9.999899551858758e-9,0.4200529467137829
48.0,0.6967527364222064,3.2944948748394887,0.011789084207207338,0.19798113934884284,-9.999902656370184e-9,0.4213434684749093
49.0,0.7045040128497856,3.3387292243817144,0.012128153053403158,0.19574853896501487,-9.999905658039707e-9,0.4226872911356842
50.0,0.7124688475238047,3.3841245432864366,0.012479470524440463,0.19347147351156438,-9.999908588041631e-9,0.42408549473537416
51.0,0.7206545388659231,3.4307202493407436,0.012843649833335552,0.19114838684736468,-9.999911447933967e-9,0.42553984201115097
52.0,0.7290686858957556,3.478557390251102,0.01322133214079393,0.18877765494849064,-9.99991423922016e-9,0.4270521663253329
53.0,0.7377188583107098,3.5276766949368965,0.013612246298049286,0.18635772590799604,-9.999916958573298e-9,0.42862437442008633
54.0,0.7466134262418594,3.5781248599166613,0.0140200862325501,0.18388665366507753,-9.999919619669547e-9,0.4302583152794467
55.0,0.7557610750285281,3.629949043714243,0.014442351102359488,0.1813625323872719,-9.99992221366361e-9,0.43195603609957617
56.0,0.7651708339316675,3.683196578292523,0.014880978830058378,0.17878353335652108,-9.999924744550321e-9,0.4337198341824703
57.0,0.7748520111738099,3.7379177675040065,0.015336807607131502,0.17614764897888932,-9.999927213582911e-9,0.435551948652859
58.0,0.7848143040199858,3.794165018803804,0.015810724885465106,0.1734527848653473,-9.999929621970315e-9,0.4374547118598416
59.0,0.7950678166268889,3.851992938575706,0.016303625814025533,0.17069675600159373,-9.999931970879264e-9,0.4394305539293985
60.0,0.8056230786703853,3.911458432428788,0.016816492371081994,0.16787728275639655,-9.999934261436414e-9,0.44148200749892363
61.0,0.8164910652851431,3.97262081172299,0.017350347150119943,0.1649919865955193,-9.999936494730523e-9,0.4436117127931336
62.0,0.8276832180070981,4.035541905961493,0.017906280200386024,0.1620383855816427,-9.999938671814624e-9,0.4458224229425621
63.0,0.8392114669991959,4.100286181857709,0.01848544192454443,0.15901388959190754,-9.999940793708206e-9,0.44811700962579576
64.0,0.8510882545532312,4.166920869337365,0.019089047533037966,0.1559157952573875,-9.999942861399377e-9,0.4504984690284245
65.0,0.8633265599587173,4.235516094948544,0.019718390507258935,0.1527412806043722,-9.999944875847009e-9,0.45296992814135706
66.0,0.8759399258886782,4.306145023304728,0.020374837192297934,0.14948739936259478,-9.999946837982837e-9,0.4555346514383962
67.0,0.888942486330759,4.378884006952202,0.021059838877779978,0.14615107493649632,-9.99994874871351e-9,0.45819604793594726
68.0,0.9023489962321078,4.453812745377892,0.021774932113526015,0.14272909400047207,-9.999950608922603e-9,0.46095767867945614
69.0,0.9161748629253017,4.531014453684849,0.02252175240232944,0.1392180997048642,-9.999952419472553e-9,0.4638232646702293
70.0,0.9304356048853829,4.610572301481942,0.023238575132191682,0.13561481388983418,-9.999954138290335e-9,0.4667966459583654
71.0,0.945135224101161,4.692504864366035,0.02405151907236782,0.13192027675315363,-9.999955852349956e-9,0.4698802161698525
72.0,0.9603039285350647,4.776978796667654,0.024901594583758256,0.12812594772820124,-9.999957519261665e-9,0.4730798171196244
73.0,0.975953276136488,4.864162436960684,0.02595082995758878,0.12422285520047047,-9.999959205668333e-9,0.47639410024664247
74.0,0.9920312884019175,4.95378102486482,0.026578561051485157,0.12022094092838317,-9.99996057266762e-9,0.4798106797517781
75.0,1.0085379232119718,5.045863658187616,0.02736856239913542,0.1160823223113491,-9.999961957615341e-9,0.4833021605075322
76.0,1.0255604853131255,5.140867618021009,0.02840843324044862,0.11181044995204235,-9.99996347061343e-9,0.48689250018731767
77.0,1.0431152806676467,5.238821378875837,0.02930374398643448,0.10741495244066064,-9.999964832729263e-9,0.4906062010288943
78.0,1.0607659268766514,5.338877977126702,0.030079271482925413,0.10286798016757781,-9.999965768800002e-9,0.49426373677260355
79.0,1.0783420450879613,5.4423550016491165,0.03247237987204477,0.09810707140672816,-9.999967454744914e-9,0.49775610303169404
80.0,1.0961431467111793,5.5503403398699165,0.033487870262605385,0.09316026771437946,-9.99996876976657e-9,0.5011873350712925
81.0,1.1142224334621564,5.6607235263222355,0.03429573262306865,0.0881377621163177,-9.999969965392589e-9,0.5046490574390574
82.0,1.1325985906118463,5.77374418023276,0.030263169037881482,0.08295582311419625,-9.999970875785463e-9,0.5081350902934925
83.0,1.1513959565547343,5.889449502008863,0.03120632482737234,0.07766852292219946,-9.99997199799106e-9,0.5117099757271636
84.0,1.170554723366399,6.008237407191818,0.032403651993621344,0.07228836422801095,-9.99997315796739e-9,0.5153644370507662
85.0,1.1896147010715048,6.128400996847405,0.032049576389145094,0.06667694035209089,-9.99997319126061e-9,0.518974402805265
86.0,1.208693098766047,6.2495919868613505,0.033019589694173006,0.060846207967753446,-9.999974213961411e-9,0.5225116522105773
87.0,1.2280519755861719,6.374165955578325,0.03416245913736362,0.05466414086364702,-9.999975325408934e-9,0.5262827355941364
88.0,1.2477715881968767,6.502404519308626,0.035195204828576944,0.04827596105582912,-9.999976272077236e-9,0.5301938699481437
89.0,1.268009224388252,6.633903126021317,0.036264122333731795,0.041739865359360015,-9.999977187117112e-9,0.5342270675413493
90.0,1.2887287504132365,6.768521654897789,0.03730577723940556,0.03506092913286007,-9.999978025353628e-9,0.5383721309525645
91.0,1.3099351182020824,6.906304720858742,0.037830496755054364,0.02822731152919191,-9.999978856644372e-9,0.5426254305867095
92.0,1.3316622990140772,7.047643952010488,0.03900189989857009,0.02122878987156446,-9.999979682456709e-9,0.547005781388726
93.0,1.3538985761972098,7.192240079108958,0.03952846230127745,0.014067625884044397,-9.999979648354127e-9,0.551496288223564
94.0,1.3754517183154809,7.333885160162748,0.03905575809882483,0.006803023251538304,-9.99997986960522e-9,0.5555476203867815
95.0,1.396110194758444,7.472690338913931,0.23989394705197858,-9.999982662036425e-9,9.807096140170116e-5,0.5589100353273456
96.0,1.4800487376048383,8.050333294353544,0.42083963084008497,-9.999989667572059e-9,0.013240790303487833,0.592547623900029
97.0,1.570047795888649,8.74145676566854,0.47205685718464996,-9.999990977033192e-9,0.02941941965112797,0.628187297765358
98.0,1.6640631471865015,9.519967382249494,0.5490655558059793,-9.999992310848352e-9,0.04787737288828418,0.6672842212754747
99.0,0.9302632491710179,4.5199673370508755,0.0009054026061707366,0.18781453932012698,0.017658923789733418,0.5174126388301505
100.0,0.13124621011220683,0.06355492676129995,-4.1161242749814726e-9,0.37445836436222674,0.015101911527497132,0.35267952855592655
101.0,0.13193174081551381,0.06692515235910115,1.6227329689487454e-6,0.37551423239705567,0.01559850737043698,0.35376360331525164
102.0,0.13266650612837505,0.07044092568492144,1.5536557143266372e-6,0.376700478025625,0.016145980008121365,0.3549537583542461
103.0,0.13345161169410436,0.07410815161268228,1.1185809049873668e-6,0.3780173506379693,0.016744513220763077,0.3562506746982924
104.0,0.13428824508461293,0.07793304904578045,1.0311743473817846e-6,0.37946521495604,0.01739433667842025,0.35765514243081425
105.0,0.13517767745107853,0.08192215655447198,3.4973871844684404e-8,0.38104454319353726,0.01809572310992344,0.3591680566106662
106.0,0.13612125982316037,0.08608234465702537,3.7972318474696805e-8,0.3827559194154098,0.018848989548340942,0.36079041779272536
107.0,0.13712042884800185,0.0904208166792711,3.0484582501685906e-8,0.3846000236862853,0.01965449184783489,0.3625233252226975
108.0,0.13817670441612542,0.09494512114875621,2.4091456381655087e-8,0.38657763456494854,0.02051262533100042,0.3643679768715508
109.0,0.13929168796076208,0.09966316646086243,4.761469490363379e-6,0.38868963124799205,0.021423825359393463,0.3663256695387407
110.0,0.14046707742940595,0.10458319391427541,4.028955422855234e-6,0.39093695530805955,0.022388554254471508,0.3683977836929263
111.0,0.14170464578573952,0.10971383926116947,3.904074891376434e-6,0.3933206615089241,0.023407318309715198,0.3705858021794485
112.0,0.14300625877060694,0.11506409879675891,3.2819103967887968e-6,0.3958418737402304,0.024480652775264747,0.3728912930989132
113.0,0.14437386915645517,0.12064335236944135,3.2427069929987317e-6,0.3985017986121898,0.025609126328821844,0.37531591467198383
114.0,0.14580952075760467,0.12646136147028603,2.6571702282888676e-6,0.40130171545301846,0.02679333757600013,0.37786141121078554
115.0,0.1473153464185762,0.13252828295869942,2.4853472899866524e-6,0.4042429822265802,0.02803391697271361,0.3805296154254079
116.0,0.14889357136274925,0.1388546678129974,2.3211755164576574e-6,0.40732702834909784,0.029331524315276355,0.38332244578535885
117.0,0.15054651322005552,0.14545146848407534,1.7901788484915465e-6,0.4105553568241084,0.030686849422289084,0.38624190771652467
118.0,0.15227658337207292,0.15233004222015642,7.193043484461993e-8,0.4139295438393716,0.0321006119813817,0.38929009402148085
119.0,0.15408628454271311,0.15950216631728945,1.3421402576344337e-6,0.4174512500158685,0.033573565424896895,0.3924691902975861
120.0,0.1559782213549475,0.166980010066862,2.150809347754209e-8,0.4211221961769936,0.03510648866879469,0.39578146616712
121.0,0.1579550893221612,0.17477617883867605,1.6838283712378057e-8,0.4249442015250896,0.0367001993066632,0.39922929225200415
122.0,0.1600196868495249,0.18290369449763183,-6.529767813136804e-9,0.42891915868267083,0.038355545196294034,0.4028151314423473
123.0,0.16217490906132417,0.1913759872336554,-6.6395237776070584e-9,0.43304905935984556,0.04007341341161303,0.40654155219781984
124.0,0.16442475394262152,0.2002143703410114,-6.747139390331793e-9,0.43733334684384406,0.04185382367037843,0.41040984953368825
125.0,0.16677026360055144,0.20941813716435,-6.853807672576008e-9,0.44177922507843026,0.04369944728942774,0.4144253663067455
126.0,0.16921570095834462,0.21900954779381546,-6.958751077002259e-9,0.44638662449986255,0.045610494799269645,0.4185898250464254
127.0,0.171764382171385,0.22900376131113556,-7.06187029665286e-9,0.45115798358529635,0.04758803068053247,0.42290626449582425
128.0,0.17441973517208514,0.23941637881770717,-7.1630757992445305e-9,0.45609588163270615,0.049633174892029966,0.4273778629077605
129.0,0.17718530323483142,0.25026345051063625,-7.262288391818617e-9,0.4612030529152327,0.05174710832710071,0.43200794886208665
130.0,0.18006474907104061,0.2615614845368979,-7.359438611905498e-9,0.46648240219320586,0.05393107881278676,0.43680001319908546
131.0,0.18306185951134124,0.27332745799046815,-7.454466427433127e-9,0.47193702149994005,0.05618640762254385,0.441757722037686
132.0,0.18618055082763807,0.2855788304213109,-7.547320914099323e-9,0.477570208080742,0.05851449645884048,0.4468849308210374
133.0,0.18942487474259936,0.2983335602200928,-7.637959895494125e-9,0.48338548333223963,0.060916834849196314,0.45218569930840163
134.0,0.19279902516747877,0.31161012422972756,-7.726349489183882e-9,0.48938661255740573,0.06339500788660637,0.45766430740824
135.0,0.19630734569858158,0.3254275409030368,-7.812464076013349e-9,0.4955776253173852,0.06595070423151268,0.46332527172030846
136.0,0.19995433789331102,0.33980539729233716,-7.896285158284297e-9,0.5019628361373395,0.06858572428267534,0.4691733626343209
137.0,0.20374467015419626,0.35476387953711186,1.2969377598217766e-7,0.5085468660269475,0.0713019886712883,0.47521362219849134
138.0,0.20768318845757208,0.370323810944726,-8.057009315005966e-9,0.5153346594096402,0.07410154515770778,0.481451379832175
139.0,0.21172932577418166,0.386104424327035,-8.08772831987434e-9,0.5225360785891813,0.07705942402731362,0.4880113159219836
140.0,0.21598707365396122,0.40295368588271474,-8.164353899995492e-9,0.5297724109043029,0.0800421402285934,0.49468058081475413
141.0,0.22040935434887468,0.42047352871990645,-8.238611573980856e-9,0.5372307229870003,0.08311564286397012,0.5015663155170039
142.0,0.22500187747189532,0.4386879316981573,-8.310524813046997e-9,0.5449175219188029,0.08628259634473176,0.508675239844628
143.0,0.22977059184193274,0.45762175956014817,-8.380121347425368e-9,0.552839735196606,0.08954583126604118,0.5160144503891565
144.0,0.2347216991574436,0.47730082329795404,-8.447416580258408e-9,0.5610047242046149,0.0929083499907663,0.523591435013189
145.0,0.23986166794150063,0.4977519435241108,-8.512457456480816e-9,0.5694202954454299,0.0963733313727116,0.531414085957604
146.0,0.24519724763906378,0.5190030163444805,-8.57527480045259e-9,0.5780947093520403,0.09994413454438555,0.539490711389431
147.0,0.2507354826867763,0.5410830809868555,-8.635907297587606e-9,0.5870366864128252,0.10362430165669867,0.547830045135079
148.0,0.2564837263968623,0.5640223884722921,-8.69439613283398e-9,0.5962554104471125,0.10741755950018912,0.5564412544216777
149.0,0.2624496544611002,0.587852470456939,-8.75082999711501e-9,0.6057605288400429,0.11132781992468774,0.5653339454153286
150.0,0.26864127789600645,0.6126062073992807,-8.805117683227645e-9,0.6155621496191661,0.11535917900402051,0.5745181663997245
151.0,0.2750669551398805,0.6383178947903342,-8.857442422480423e-9,0.625670835054964,0.11951591480942884,0.5840044082611117
152.0,0.2817354031809323,0.6650233067647948,-8.907805766759848e-9,0.636097591863829,0.12380248381862319,0.5938036022754255
153.0,0.2886557073222209,0.6927597554092347,-8.955120552307344e-9,0.6468538575463691,0.1282235157617414,0.6039271147218057
154.0,0.2958373295107167,0.7215661453456582,-9.002836134324584e-9,0.6579514829453965,0.13278380693946304,0.6143867383399816
155.0,0.30329011448435844,0.7514830203029342,-9.047618568930726e-9,0.6694027102642481,0.1374883116789456,0.6251946798218594
156.0,0.31102429409018034,0.7825526032262559,-9.090627572935599e-9,0.6812201469806587,0.14234213213158947,0.6363635437542448
157.0,0.319050488709735,0.8148188252540808,-9.131924449339427e-9,0.6934167345533718,0.14735050592670612,0.6479063118483245
158.0,0.3273797057865239,0.8483273436082968,-9.215040374028553e-9,0.7060057118952857,0.15251879168647078,0.6598363174230486
159.0,0.3360233348451625,0.8831255457226062,-9.20779883075997e-9,0.7190005730226195,0.15785245214862892,0.6721672144959089
160.0,0.34499313852189667,0.9192625377989981,-9.246019719054172e-9,0.7324150180534388,0.16335703456865672,0.6849129407257804
161.0,0.3543012389871835,0.9567891148821165,-9.278891331898798e-9,0.7462628972405866,0.16903814825425967,0.6980876737404785
162.0,0.3639600991498665,0.9957577103047485,-9.314410713948042e-9,0.7605581467880799,0.17490143874044162,0.7117057797568478
163.0,0.373982497894196,1.036222321227977,-9.346445979125614e-9,0.7753147157577028,0.1809525583124956,0.7257817537199911
164.0,0.38438149853840947,1.0782384069030624,-9.377103078540558e-9,0.7905464830787945,0.187197132473051,0.7403301499661529
165.0,0.39517040963808275,1.1218627562326942,-9.406426636847214e-9,0.8062671633185047,0.1936407218157936,0.7553655021482305
166.0,0.4063627371331965,1.1671533203985516,-9.43446121285198e-9,0.8224902000922324,0.20028877884493718,0.7709022312630405
167.0,0.4179721267584213,1.2141690061248318,-9.461249824667467e-9,0.8392286457339512,0.20714659918093517,0.786954540412919
168.0,0.4300122955392039,1.2629694247479855,-9.486834560310156e-9,0.8564950257285547,0.21421926654633838,0.8035362948168691
169.0,0.44249695109116405,1.31361459171182,-9.511256730270556e-9,0.8743011864331399,0.22151159093136547,0.8206608855616999
170.0,0.45543969735698064,1.3661645708272905,-9.534566086585602e-9,0.8926581244377522,0.2290280392720969,0.8383410754324755
171.0,0.4688539253239502,1.4206790571553516,-9.556938967863005e-9,0.9115757959471543,0.23677265798391314,0.8565888251472311
172.0,0.48275268718634096,1.4772168918327953,-9.577960341045488e-9,0.9310629047523565,0.24474898676092688,0.8754150984169238
173.0,0.49714855241230754,1.5358355028082775,-9.59810714353541e-9,0.9511266665227947,0.2529599627487421,0.8948296436879059
174.0,0.5120534440431512,1.5965902632079845,-9.617298205981135e-9,0.9717725491798563,0.2614078149407081,0.9148407517403596
175.0,0.527478453713259,1.659533761821921,-9.635552286217585e-9,0.9930039866468594,0.270093947757201,0.9354549867238873
176.0,0.5434336338069212,1.7247149778416442,-9.65290342955987e-9,1.0148220658418887,0.2790188137135456,0.9566768899175287
177.0,0.5599277653616577,1.792178353760465,-9.66938468222108e-9,1.0372251858019066,0.2881817747405596,0.9785086549251902
178.0,0.5769681004973106,1.8619627605467006,-9.685028105425934e-9,1.0602086887165256,0.29758095206501467,1.0009497736903163
179.0,0.5945600784322373,1.9341003501859872,-9.699864775169284e-9,1.0837644632731387,0.3072130648090012,1.023996653252602
180.0,0.6127070171607664,2.0086148110328192,-9.713925085249215e-9,1.1078811543313998,0.31707348710329375,1.0476426384817663
181.0,0.6314097954535081,2.085522013341664,-9.727237637809211e-9,1.1325412536076576,0.32715517316567766,1.071875902895975
182.0,0.6506664167122463,2.1648253351649402,-9.73983085214701e-9,1.1577242210924206,0.3374497696075932,1.0966813906749402
183.0,0.6704716935648839,2.246516255318786,-9.751732009703164e-9,1.1834036675045527,0.3479465704546335,1.1220387882979364
184.0,0.69081681172691,2.330572071078273,-9.763041533081834e-9,1.209547423452148,0.3586325206966202,1.1479223931393663
185.0,0.7116835098823459,2.41699078264547,-9.77502106556808e-9,1.2360339942572105,0.36946135364590243,1.1742428463925663
186.0,0.7330575501731376,2.505610192852704,-9.784936874454035e-9,1.2629727223532918,0.3804711439224492,1.201068010799376
187.0,0.7549186442438088,2.5964218431730237,-9.794264280653208e-9,1.2902395448623016,0.3916147708814855,1.2283047323029723
188.0,0.777239087985318,2.689327781521048,-9.803025679923559e-9,1.3177743246063123,0.4028678096417235,1.2559007208595894
189.0,0.7999853382003085,2.7842064400016966,-9.812887452210943e-9,1.3455088257172554,0.41420254196445,1.283795847376173
190.0,0.8231295661164758,2.880860762618917,-9.817821398678275e-9,1.373509283327165,0.4256405277769526,1.312022605208482
191.0,0.8466269296672255,2.979310657361428,-9.825034042848703e-9,1.40145375477993,0.43706138721848653,1.3403452317593505
192.0,0.8704102449532937,3.0792125261675585,-9.825457882808721e-9,1.4293358302202746,0.4484576190574215,1.3687319991801556
193.0,0.8944168119072308,3.18031828266469,-9.83796090376578e-9,1.4570580900542192,0.45978920684238617,1.3970913182540963
194.0,0.9185831121053105,3.2823849158385054,-9.843759415145963e-9,1.4845120823939155,0.47101231425713225,1.4253237317245948
195.0,0.9428337620035151,3.3851176434457013,-9.849119963769659e-9,1.5115777080562443,0.4820781246331083,1.4533172238080072
196.0,0.967085994115761,3.4881902939589304,-9.854057156275405e-9,1.5381269828203388,0.4929346116344152,1.4809515023052642
197.0,0.9912445299906429,3.591233525046912,-9.85857757269071e-9,1.5640119723090156,0.503521980154357,1.5080876136485868
198.0,1.015217616989012,3.693868251778301,-9.86270709661522e-9,1.589108283350505,0.5137891022135089,1.5346043144162878
199.0,1.0389039433081735,3.7956922012585284,-9.866405926079168e-9,1.6132689694218323,0.5236761710454029,1.5603606683239608
200.0,1.061718617400923,3.8974382945876895,-9.86961525035215e-9,1.6353930064922324,0.5331209746623399,1.5835856406809927
201.0,1.0843470156076012,3.995703146531843,-9.87260088230597e-9,1.6569746055821535,0.5419610681409672,1.6071488842144648
202.0,1.1063438684771147,4.0917489982218544,-9.875226601614981e-9,1.677158946329291,0.5502336259746539,1.629500945169822
203.0,1.127591411428247,4.185089930608278,-9.877500454254821e-9,1.6957975742621445,0.5578782648223676,1.650494052459499
204.0,1.1479714654705528,4.275235023662516,-9.879427634225487e-9,1.7127466040673314,0.5648364535954115,1.6699834526004993
205.0,1.1673670852656122,4.361694978173767,-9.881010642140755e-9,1.7278690753146533,0.5710524714983023,1.6878296709125868
206.0,1.1856643108768254,4.443989226205417,-9.882254785541519e-9,1.7410373449352057,0.57647438116062,1.7039008375718157
207.0,1.202753979238639,4.521653356938474,-9.883158832161035e-9,1.7521354482034466,0.5810549890700953,1.7180750144057317
208.0,1.2185335447210284,4.5942466570888705,-9.883722953922387e-9,1.7610613522014997,0.5847527624647756,1.7302424504576932
209.0,1.2329088535905293,4.661359541371226,-9.88394524202859e-9,1.7677290267751258,0.5875326721142,1.74030769327233
210.0,1.2458555934056175,4.722960981189344,-9.886271253216817e-9,1.7720493817229799,0.5893636281731919,1.7482001777118332
211.0,1.2572775337854571,4.778464955977405,-9.885848527830645e-9,1.7741620462913603,0.5902908249523326,1.753975825599797
212.0,1.2670077177614953,4.82740483870648,-9.895178387646656e-9,1.7735654691753242,0.5901321430930766,1.7572375020457105
213.0,1.2750110355598465,4.869234916986296,-9.897072070168093e-9,1.7708077619322489,0.5890895481096148,1.7583419760129222
214.0,1.2812929076680215,4.904323889115362,-9.895043727516042e-9,1.765481459220967,0.587014782821547,1.7570077445026628
215.0,1.2858642409680137,4.932441501564149,-9.893666639355222e-9,1.7578154155770662,0.5839844753246796,1.7533960644647888
216.0,1.2887328056392837,4.953575173398191,-9.891927987286673e-9,1.747853108543492,0.5800153400543802,1.7475409561653146
217.0,1.289912201187441,4.967745012018698,-9.88984300372093e-9,1.73566796929398,0.5751372241414328,1.7394986161892962
218.0,1.2894302514457896,4.9750305307292795,-9.887398424676425e-9,1.7213509753467424,0.569387157459317,1.729342836067654
219.0,1.287328184345079,4.975567745672269,-9.884562871604342e-9,1.7050088341820389,0.5628086123461868,1.71716342853587
220.0,1.2836595625926708,4.969545200778561,-9.876222855877175e-9,1.6867619084357237,0.5554506573477367,1.7030643796220184
221.0,1.2784890090800787,4.957199090596714,-9.877746955587816e-9,1.6667419567975514,0.5473670352136601,1.6871617947058222
222.0,1.2718907758502713,4.938807676182549,-9.873693974521546e-9,1.6450897647989315,0.5386151955506766,1.669581708681068
223.0,1.263947207990864,4.914685198864971,-9.869186233649299e-9,1.6219527430280793,0.5292553136623471,1.6504578335498268
224.0,1.2546869175151778,4.884931581489671,-9.841453871538083e-9,1.59744432587331,0.5193426515818469,1.629893202113768
225.0,1.2443211659458717,4.850510882029749,-9.831963935659619e-9,1.571882011256708,0.5090119474058452,1.6081792202090746
226.0,1.232916601292405,4.811733465369799,-9.824138200185274e-9,1.5452707004488795,0.4982601555097914,1.5853347536775924
227.0,0.6287134608464877,2.7412145138369888,3.6026909861816136e-7,0.2549373798254735,-9.999846303651019e-9,0.47823378140564954
228.0,0.6368172339173059,2.7847758138263834,-9.645220903769631e-9,0.25340824567085307,-9.999849314004105e-9,0.4802220103749464
229.0,0.6452848090810948,2.830350461844313,-9.661544148377783e-9,0.25178786249586493,-9.99985226780116e-9,0.482282417334012
230.0,0.6541458749135014,2.8781019113065476,-9.677952280948506e-9,0.2500690163325758,-9.99985515672022e-9,0.48442143671336796
231.0,0.6634340875132542,2.928215341709224,-9.694072022583055e-9,0.24824356054054414,-9.999857970753912e-9,0.4866463925650387
232.0,0.6731878090108767,2.9809016932300234,-4.724066647636294e-9,0.2463022429908438,-9.999860697654144e-9,0.4889656655199011
233.0,0.6834510264745873,3.0364026891052966,-9.302218628126027e-9,0.24423449112137885,-9.999863322228366e-9,0.49138890060843676
234.0,0.6942745074234479,3.094997150833979,-5.215492627579676e-9,0.24202814175305953,-9.999865825242593e-9,0.4939272687906121
235.0,0.7057172697057288,3.157009029586646,3.11267688893754e-8,0.23966909754136728,-9.999868181910402e-9,0.49659379993654595
236.0,0.7178452408007601,3.222798900316901,2.7473672555207597e-8,0.23714199151951382,-9.999870314501462e-9,0.4994038041580983
237.0,0.7307426258281405,3.2928294404175986,1.0494877483073153e-8,0.2344265284483958,-9.999872268422614e-9,0.5023753778228498
238.0,0.7445072112865525,3.3676366404918694,1.0861106707482914e-8,0.23149951164663676,-9.999873938799393e-9,0.5055302599832623
239.0,0.7592568598919185,3.44786611763801,-5.799857441033773e-10,0.2283330768644767,-9.999875239278617e-9,0.5088947901182593
240.0,0.7751373715767471,3.534315945003822,-5.533896372591498e-10,0.22489295067146234,-9.999876058017676e-9,0.512501777599627
241.0,0.7923263547567451,3.627962585002029,-2.287660301355355e-9,0.22113685030692348,-9.99987616684398e-9,0.5163906020854877
242.0,0.8110509882945651,3.730045987696728,-5.390503545729718e-9,0.21701161340053474,-9.999875265875099e-9,0.5206126685204606
243.0,0.831604996373275,3.8421712372916894,-4.103796919644313e-9,0.21244842783621787,-9.99987280119904e-9,0.5252343804192683
244.0,0.8543777900390972,3.9664667900339663,-8.11507678506828e-9,0.2073560916527508,-9.999867722266211e-9,0.5303438423142991
245.0,0.8799028700594824,4.105847453849253,-9.655732566164893e-9,0.20160985396571676,-9.999857757332242e-9,0.5360620376297696
246.0,0.9089416175347599,4.264471345752673,-9.907277553493927e-9,0.1950319471438301,-9.99983691722829e-9,0.5425620214559631
247.0,0.9426408221685086,4.448598806953321,-9.928820428529833e-9,0.1873550102560577,-9.999782646185306e-9,0.5501050441719271
248.0,0.9828966754963708,4.668575874199156,-9.937927978640722e-9,0.17813895306005315,-9.999473124346082e-9,0.5591248299343816
249.0,1.03378376283909,4.9359935023227175,-9.951865131194588e-9,0.17885625839683172,0.004252088279791367,0.5788886057259179
250.0,1.0932285133789135,5.240716916212788,-9.95733798699499e-9,0.18965165345102367,0.012726396720986759,0.6086202611675501
251.0,1.1628406164969525,5.6181065814867575,-9.96431518758724e-9,0.2032405213169977,0.023568006437653877,0.6438691044786528
252.0,1.2461691899006127,6.0912720316872955,-9.971177459121546e-9,0.21988474749870365,0.03718706198607319,0.6861648480329146
253.0,1.3439998321492825,6.669371385138795,-9.975863590532206e-9,0.23931488739478607,0.05447095396120294,0.7377891375927473
254.0,1.4627652530784578,7.381614770049234,-9.981809146097328e-9,0.2637175930893607,0.07637700521532854,0.8011044437431091
255.0,1.6023611548802454,8.303004808834897,-9.984930532630325e-9,0.29406172574342276,0.10670260582173213,0.8775919095083357
256.0,1.7422193310679068,9.367921795277699,-9.9866282421428e-9,0.3257801358282648,0.14234428196590118,0.9570176239139945
257.0,1.019351916976255,4.367921751599528,0.002802275625334434,0.7518158844088749,0.19775730359455349,0.9528923951313971
258.0,0.12488731355800115,-9.768434996180687e-9,0.00022144743930949,0.37717847183806275,-9.997333387258488e-9,0.35833601162234274
259.0,0.12506064860279556,-9.767775766122406e-9,0.0002235438102598985,0.37740459672267623,-9.997336289581303e-9,0.3584530794946009
260.0,0.12523279002129875,-9.76710152517863e-9,0.0002238013390418897,0.37762420274030806,-9.997339099931714e-9,0.3585643184715329
261.0,0.12540367468903976,-9.766412267337649e-9,0.00022405932169628745,0.3778372014015816,-9.997341817584068e-9,0.35866967571312774
262.0,0.12557324214804988,-9.765707995702604e-9,0.00022418640393426,0.37804350657463887,-9.997344441841827e-9,0.3587691013826886
263.0,0.1257414316813851,-9.764988716092185e-9,0.00022440219153860275,0.3782430352645607,-9.997346972035093e-9,0.35886254754310926
264.0,0.12590818323784647,-9.76425443928029e-9,0.0002245749499119904,0.37843570745111593,-9.997349407521415e-9,0.3589499685437667
265.0,0.12607343696057366,-9.763505180051525e-9,0.00022461640029464782,0.378621446264803,-9.997351747685389e-9,0.3590313208656273
266.0,0.12623713380797585,-9.76274095878428e-9,0.00022401831818834322,0.37880017789347337,-9.997353991939188e-9,0.3591065633876362
267.0,0.1263992127271113,-9.761961794954016e-9,0.00022409956344350128,0.37897183232990606,-9.997356139720159e-9,0.35917565631999804
268.0,0.12655961557416126,-9.761167718784748e-9,0.0002241631677943262,0.37913634222086307,-9.997358190494977e-9,0.3592385631289091
269.0,0.12671828361398904,-9.760358763211818e-9,0.00022427312626857598,0.3792936437738012,-9.997360143756656e-9,0.3592952492063596
270.0,0.12687515869547386,-9.7595349667804e-9,0.00022435575513038886,0.3794436765166625,-9.997361999025513e-9,0.3593456823450598
271.0,0.1270301830225708,-9.758696373252183e-9,0.0002244051158019437,0.3795863833984312,-9.99736375584894e-9,0.359389832669455
272.0,0.12718329928351407,-9.75784303206351e-9,0.00022440686949628605,0.37972171079904826,-9.997365413801476e-9,0.3594276727035002
273.0,0.127334450467571,-9.756974998031295e-9,0.0002245079741250723,0.3798496086129127,-9.997366972484593e-9,0.35945917731640903
274.0,0.12748358052727382,-9.756092333123936e-9,0.00022452109705162418,0.3799700301217877,-9.997368431527207e-9,0.35948432399245744
275.0,0.1276306334448967,-9.755195104340493e-9,0.00022468467223754276,0.38008293225640855,-9.997369790584834e-9,0.35950309248468254
276.0,0.12777555466177346,-9.754283387395017e-9,0.00022456336052904726,0.3801882752745232,-9.99737104934072e-9,0.3595154653763694
277.0,0.12791828893837145,-9.753357261577106e-9,0.0002247578351595629,0.3802860233130976,-9.99737220750398e-9,0.3595214272678746
278.0,0.1280587827770721,-9.75241681593484e-9,0.00022502280807620465,0.3803761438155563,-9.997373264811555e-9,0.35952096571649383
279.0,0.1281969835233833,-9.751462147246577e-9,0.0002249993662076843,0.38045860777228174,-9.997374221027378e-9,0.3595140708969282
280.0,0.12833283850107344,-9.750493357988489e-9,0.00022492105675124056,0.3805333899502498,-9.997375075941562e-9,0.35950073527411003
281.0,0.12846629592800377,-9.749510558805625e-9,0.00022491747070483035,0.38060046868100306,-9.99737582937109e-9,0.35948095395814444
282.0,0.12859730523733245,-9.748513869532682e-9,0.00022478549746196458,0.3806598257915269,-9.997376481159983e-9,0.3594547248286348
283.0,0.12872581612255607,-9.747503416907477e-9,0.00022476585929973614,0.3807114468466326,-9.997377031178417e-9,0.3594220481680172
284.0,0.12885177960802216,-9.746479337518683e-9,0.00022472352353327773,0.38075532088871245,-9.99737747932351e-9,0.3593829270698237
285.0,0.12897514742066427,-9.745441776358391e-9,0.0002246662650157092,0.3807914405932893,-9.997377825518707e-9,0.35933736719388765
286.0,0.12909587224879773,-9.744390887674824e-9,0.00022456393487803227,0.38081980220259937,-9.997378069713889e-9,0.35928537685987455
287.0,0.12921390765119822,-9.743326834908805e-9,0.0002244429475267426,0.380840405542353,-9.997378211885187e-9,0.3592269670050576
288.0,0.12932920822387423,-9.742249791316115e-9,0.00022427721810748232,0.3808532539717683,-9.99737825203503e-9,0.3591621512390387
289.0,0.12944172942909077,-9.741159939681322e-9,0.00022414497104607999,0.3808583544139974,-9.997378190191875e-9,0.3590909457675288
290.0,0.12955142820470783,-9.740057474159096e-9,0.00022376960600076294,0.38085571719041694,-9.997378026410616e-9,0.3590133696125326
291.0,0.1296582616156778,-9.738942596743744e-9,0.00022360453152568593,0.38084535633667477,-9.997377760771346e-9,0.3589294440831696
292.0,0.12976218938050937,-9.73781552441937e-9,0.0002228603857513829,0.3808272889561607,-9.99737739338135e-9,0.3588391937241746
293.0,0.12986317121584984,-9.736676481997275e-9,0.00022162002193606148,0.3808015358539814,-9.997376924372779e-9,0.3587426452845984
294.0,0.12996116802587623,-9.735525705543966e-9,0.00021991966867690953,0.3807681212160323,-9.997376353903515e-9,0.35863982815283013
295.0,0.13005611556324412,-9.734363366955549e-9,0.00023856399318202296,0.3807270791178735,-9.997375682134964e-9,0.3585307643047549
296.0,0.1301480495478001,-9.733189933042015e-9,0.00022035645420521635,0.380678422435137,-9.997374909336949e-9,0.35841551593270743
297.0,0.13023684409283792,-9.732005414307795e-9,0.00023664851794730145,0.38062220774298827,-9.997374035668027e-9,0.3582940858091585
298.0,0.1303225452807954,-9.730810326708076e-9,0.0002239560457509971,0.38055845245427716,-9.997373061455428e-9,0.35816654426612704
299.0,0.13040505447674747,-9.729604773438595e-9,0.00023406870094234007,0.3804872134373107,-9.997371986928986e-9,0.3580329086365319
300.0,0.13048439977116652,-9.728389238577753e-9,0.0002196691042934777,0.38040851952380456,-9.997370812449079e-9,0.3578932464881056
301.0,0.1305605008779357,-9.727163894255802e-9,0.0002200699208666981,0.3803224299105243,-9.997369538308887e-9,0.35774758619919655
302.0,0.1306333440546236,-9.725929118541073e-9,0.0002230360052807022,0.38022899061754717,-9.997368164881357e-9,0.3575959834217995
303.0,0.13070290232511705,-9.724685259308595e-9,0.00022782478034592753,0.38012825427710156,-9.997366692552002e-9,0.35743849072307915
304.0,0.13076915063853314,-9.723432679326614e-9,0.0002332223885191435,0.3800202763127747,-9.997365121731536e-9,0.35727516331311243
305.0,0.13083208870596852,-9.722171827505778e-9,0.0002194968855238197,0.37990510919321974,-9.99736345287504e-9,0.3571060676659207
306.0,0.13089164781186127,-9.720902949477263e-9,0.00022209687033003826,0.37978282560689686,-9.997361686403198e-9,0.3569312461545032
307.0,0.13094782447504022,-9.719626501637874e-9,0.0002259772880152518,0.37965348509216007,-9.997359822814965e-9,0.3567507676936006
308.0,0.1310006100655335,-9.718342934876242e-9,0.00022125280990675203,0.37951715151456145,-9.997357862628104e-9,0.35656470100277754
309.0,0.13104996375697256,-9.717052606709995e-9,0.0002246115935798654,0.3793738997640351,-9.997355806356151e-9,0.3563731043378834
310.0,0.13109587618252372,-9.7157559833904e-9,0.0002289688656684112,0.3792237998090561,-9.997353654562142e-9,0.3561760495545917
311.0,0.13113834910396951,-9.714453577392308e-9,0.00021954799120205306,0.3790669216998207,-9.99735140784137e-9,0.3559736143555565
312.0,0.13117733471175014,-9.713145748397796e-9,0.00022193017025133493,0.37890335067312947,-9.997349066769745e-9,0.35576585930135096
313.0,0.13121284113843934,-9.711833047393511e-9,0.0002185551766722308,0.3787331607251679,-9.997346631993202e-9,0.35555286766516275
314.0,0.131244843269833,-9.710515924808915e-9,0.00021931531511740492,0.3785564368311231,-9.997344104151905e-9,0.355334711668352
315.0,0.1312733353430626,-9.709194903602178e-9,0.00021992585431694392,0.37837326173093005,-9.997341483924803e-9,0.3551114723150644
316.0,0.13129830670210033,-9.707870498921006e-9,0.00022112047272495537,0.3781837219218377,-9.997338772008932e-9,0.35488323018549606
317.0,0.1313197542512855,-9.706543259930768e-9,0.0002187923716714331,0.37798790447329195,-9.997335969129902e-9,0.3546500700909484
318.0,0.13133766599605906,-9.705213713417338e-9,0.00021703230568789753,0.37778590107720184,-9.99733307602776e-9,0.35441207481741943
319.0,0.1313520143142437,-9.703882338573397e-9,0.0002334665180407902,0.3775778096674831,-9.997330093451053e-9,0.3541693225501235
320.0,0.13136284963701636,-9.702549894821687e-9,0.00022502778614760956,0.3773637108734958,-9.997327022236989e-9,0.3539219221259647
321.0,0.13137013172612555,-9.701216832532992e-9,0.00022163718072408425,0.37714371022277926,-9.997323863166846e-9,0.35366994939833823
322.0,0.13137386833026413,-9.699883776646559e-9,0.0002163430247737543,0.3769179033281024,-9.997320617084593e-9,0.35341349944472533
323.0,0.13137404074385226,-9.698551264001183e-9,0.00022430879919011813,0.3766863944732536,-9.997317284832946e-9,0.3531526584747745
324.0,0.1313706838700937,-9.697220030800828e-9,0.0002193447646436552,0.3764492764578754,-9.99731386732215e-9,0.3528875339137151
325.0,0.13136378227635015,-9.695890637955422e-9,0.00021630264742362462,0.3762066565990111,-9.997310365440407e-9,0.3526182152346051
326.0,0.13135332509826098,-9.694563666473983e-9,0.0002275543422809064,0.37595864289019826,-9.997306780100941e-9,0.3523447945794108
327.0,0.1313393525311766,-9.693239891169953e-9,0.00022610934200154237,0.3757053322499185,-9.9973031122822e-9,0.35206738417453226
328.0,0.1313218588057183,-9.691919922361737e-9,0.00022255042305427785,0.37544683480800406,-9.997299362943865e-9,0.3517860798056837
329.0,0.131300850298833,-9.69060441887438e-9,0.00021894696882892364,0.3751832592455426,-9.997295533076946e-9,0.3515009826173097
330.0,0.1312763340214113,-9.68929404513742e-9,0.00021797678845825888,0.3749147156126326,-9.997291623693712e-9,0.35121219473392623
331.0,0.13124832113186458,-9.687989484121276e-9,0.0002201300771609487,0.37464131437312925,-9.997287635830641e-9,0.3509198205284883
332.0,0.13121683203080164,-9.686691457051034e-9,0.00021965595336094105,0.3743631650508222,-9.997283570552744e-9,0.3506239684813767
333.0,0.1311818816735981,-9.685400666738509e-9,0.00021620721069304217,0.37408037985049386,-9.99727942894058e-9,0.3503247456177227
334.0,0.13114346375994065,-9.684117735694085e-9,0.00022738380694165843,0.3737930775669069,-9.997275212075312e-9,0.350022251533898
335.0,0.13113242195303,-9.838694506272034e-9,0.0002727139554029303,0.37369308245478866,-9.997132093119254e-9,0.34978469676254614
336.0,0.1311819327867498,-9.836764694436383e-9,0.0002825641678662339,0.3739848286622712,-9.99713432901799e-9,0.349684608286822
337.0,0.13122873632318735,-9.834791122600028e-9,0.0002716153188667522,0.37427480156776366,-9.997136525183451e-9,0.34958211623885266
338.0,0.13127276272690366,-9.832773045562747e-9,0.00027523750382176074,0.37456290054731284,-9.99713868074453e-9,0.34947722360887934
339.0,0.1313140166787684,-9.830709832018799e-9,0.0002711751840770749,0.3748490142355911,-9.997140794926908e-9,0.34936996422033584
340.0,0.13091814070173324,-9.856468991069738e-9,0.000295214682630996,0.37535631877695264,-9.997092473695883e-9,0.3495154865389564
341.0,0.13049008753162356,-9.855624491957244e-9,0.0003017714751575321,0.3758771441581159,-9.997097055867575e-9,0.3496760948156183
342.0,0.13257132752556228,-9.986097855457736e-9,0.0016532395955566584,0.386967957053294,0.004070453396825163,0.35760136735405124
343.0,0.13488781146255427,-9.986608016265355e-9,0.00173142742151537,0.39919728592097165,0.008567350596691337,0.36635142472847454
344.0,0.13735378773651746,-9.987122484646108e-9,0.001819766185586265,0.4122286659608484,0.013359681359957172,0.3756767668705822
345.0,0.13998337341394496,-9.987640772218541e-9,0.0019150018673627063,0.42613786700121953,0.018475359742354872,0.38563171469655155
346.0,0.14279250415888253,-9.988162340883486e-9,0.002020656584653791,0.4410104790164279,0.02394591828665905,0.3962776240859957
347.0,0.14579925292149892,-9.988686599888243e-9,0.0021394454026661004,0.45694357060202834,0.029807119951376557,0.40768408021126035
348.0,0.1490242090570132,-9.98921290248315e-9,0.002267781891478107,0.4740476870528437,0.03609969500441802,0.41993033382655937
349.0,0.15249090335544158,-9.989740541166877e-9,0.0024098172894616602,0.4924492343758948,0.04287021831540623,0.4331070003378996
350.0,0.15622637029282704,-9.990268744621267e-9,0.002569761104266624,0.5122934458971539,0.05017220339525226,0.4473181919745421
351.0,0.16026182961710217,-9.990796674273142e-9,0.002749018923250649,0.5337480244556276,0.0580674449672303,0.46268413084617255
352.0,0.16463351874042598,-9.9913234205895e-9,0.002950332923249886,0.557007644898035,0.06662767793548142,0.47934437375990757
353.0,0.16938374287134964,-9.991847999918361e-9,0.0031778741499826984,0.5822995977806183,0.07593665731532663,0.49746185802928433
354.0,0.17456220227515754,-9.992369351725226e-9,0.003436302065150642,0.6098909148996922,0.08609278437582764,0.5172280103153352
355.0,0.18022767996354527,-9.992886336203906e-9,0.0037314122978144627,0.6400974429693462,0.09721245060517,0.5388692509351614
356.0,0.18645021488886884,-9.993397732500588e-9,0.004070446198263514,0.6732955238246017,0.10943434231961562,0.5626553669873636
357.0,0.1933139304323681,-9.993902237665304e-9,0.004462519518621441,0.7099371968009314,0.12292504332806178,0.5889104103849533
358.0,0.20092076077578658,-9.994398466480798e-9,0.004919289803179695,0.7505702277358879,0.13788641638280535,0.6180270558473825
359.0,0.20939542708345296,-9.99488495234355e-9,0.005455565938529576,0.7958648536141009,0.1545654596266602,0.6504857732710737
