frequency,amplitude,phase
1e3,1,0
2250.25025025,13304718193606034e-21,-1.2164210392213337
3500.5005005000003,5253164944223444e-21,-1.4841614044169469
4750.75075075,17162837570087687e-22,-1.1910304574758175
6001.0010010000005,8127145007009472e-22,2.1251603262470313
7251.251251250001,5265266196114544e-22,2.9129582009158588
8501.5015015,11908062147111811e-22,1.635099590171543
9751.751751750002,15706845599915834e-22,1.6289064622742433
11002.002002000001,14880807015087921e-22,1.2497154260035999
12252.25225225,17927241421621597e-22,1.2697438196279152
13502.502502500001,2692510315588996e-21,1.1640241742635136
14752.752752750002,6704179502361252e-21,0.9503738982147351
16003.003003000002,7167796053624512e-21,-2.083656330576896
17253.25325325,214358810777617e-20,-2.277518895050634
18503.503503500004,1403111625705332e-21,-2.3681525007582636
19753.753753750003,10638523686229432e-21,2.0022054676960375
21004.004004000002,13969233588585475e-23,1.1503452936782335
22254.25425425,38951022414856207e-24,1.6939766666886669
23504.5045045,10180617827079562e-24,1.9470989674436217
24754.754754750003,3083079373894664e-23,-1.851344758578773
26005.005005000003,14735382094634887e-24,-0.8347794897088213
27255.255255250002,5001507234573364e-23,-1.8134639473178944
28505.505505500005,49745594392336487e-24,-0.8157101998940187
29755.755755750004,12732413846588677e-24,-0.01156521102132333
31006.006006000003,17156852783030378e-23,-0.15413699204115974
32256.256256250002,2257219475707866e-22,0.3393137755837844
33506.5065065,6487170587548637e-22,0.03095868869355362
34756.75675675,2186184835299896e-21,0.09996776557847836
36007.00700700001,14394755699198718e-21,-2.761467012523559
37257.25725725001,3316945650321886e-21,-3.113820227829591
38507.507507500006,2347843674457531e-21,3.0502997399711616
39757.757757750005,2018477521353341e-21,-3.122157720108423
41008.008008000004,15318884082938654e-22,-2.8193254558133147
42258.25825825,3343221073485357e-21,3.095149986099906
43508.5085085,31812889930323348e-22,2.9932008704994053
44758.75875875,32202216254885954e-22,2.9752327737696116
46009.009009,34460004539651402e-22,2.9440688354102025
47259.25925925001,381478894442345e-20,2.9127356228043753
48509.50950950001,4265787554929713e-21,2.8837118958467847
49759.759759750006,4834115946106798e-21,2.8509767418094487
51010.010010000005,5497976501467145e-21,2.8207072208166504
52260.260260250005,63726048307853754e-22,2.794391605916678
53510.510510500004,7455372749220018e-21,2.764721876204704
54760.76076075,8886544054334967e-21,2.7370198837089466
56011.01101100001,1083548127877979e-20,2.7044105954908955
57261.26126125001,13040113870054892e-21,2.750712974824861
58511.51151150001,18913516894410114e-21,2.6510879583048106
59761.76176175001,2774647192084088e-20,2.6077381931444834
61012.01201200001,5042358109009928e-20,2.534334273358739
62262.262262250006,0.0002123232378387007,2.1565905930828078
63512.512512500005,9330263941009996e-20,-0.3562769295628322
64762.762762750004,40734397307356604e-21,-0.4681877512142934
66013.013013,26433050128768553e-21,-0.5296653279507393
67263.26326325,1974511199422735e-20,-0.5650347931258712
68513.5135135,15911971895731826e-21,-0.5925315504804034
69763.76376375,133968560902696e-19,-0.6157331218198152
71014.01401400001,11658306853732957e-21,-0.6373026596921089
72264.26426425001,10329325079204155e-21,-0.6583846333857241
73514.51451450001,9319540076153374e-21,-0.6778439150856168
74764.76476475001,8527759948638879e-21,-0.6960737770575884
76015.01501500001,7869820445198212e-21,-0.7151389624852614
77265.26526525001,7316667632077526e-21,-0.7309982545984361
78515.51551550001,6859972886156672e-21,-0.7483403568110976
79765.76576575001,6466783593548929e-21,-0.7654479384427638
81016.01601600001,6116751541781782e-21,-0.7818014491298129
82266.26626625001,58161298350499775e-22,-0.79646165237826
83516.5165165,5539258029671404e-21,-0.8136756186391569
84766.76676675,5303975933049045e-21,-0.8273712554874318
86017.017017,50902329133574465e-22,-0.8423660291414641
87267.26726725,4899727093485691e-21,-0.8560163800056392
88517.5175175,4725017067155777e-21,-0.8708678021130165
89767.76776775,4557116034605481e-21,-0.8842000751253
91018.018018,4415376769651273e-21,-0.8961187434517178
92268.26826825002,4277505262811555e-21,-0.9102519829494908
93518.51851850002,4151243312836263e-21,-0.9228976908703433
94768.76876875001,4033355239957221e-21,-0.9354667185107748
96019.01901900001,3926233709502429e-21,-0.9478463474654353
97269.26926925001,382811850098266e-20,-0.9586673316398184
98519.51951950001,37265522771083656e-22,-0.9721621064085858
99769.76976975001,36442632015825556e-22,-0.9824710639239492
101020.02002000001,3561035365544408e-21,-0.9943505265308693
102270.27027025001,3476741746323004e-21,-1.0060709850877978
103520.52052050001,34039602195111727e-22,-1.0169256359935943
104770.77077075001,3331012665101623e-21,-1.0265989119510923
106021.02102100001,32671250520555445e-22,-1.03756926968759
107271.27127125,3201167315957862e-21,-1.0490871576876883
108521.5215215,314079761441515e-20,-1.0594260298683997
109771.77177175,308337563682408e-20,-1.0691982910757398
111022.02202200002,30273218708574067e-22,-1.0793431286468436
112272.27227225002,29733163948193205e-22,-1.0886702349864648
113522.52252250002,29234788551914236e-22,-1.0987857885723562
114772.77277275002,28752844901363758e-22,-1.106948263798009
116023.02302300002,28283274486190232e-22,-1.1171460705934741
117273.27327325002,27842005475006227e-22,-1.126895686813504
118523.52352350001,27418365421556825e-22,-1.1356206505118487
119773.77377375001,2699738417042643e-21,-1.1448643821959437
121024.02402400001,2659228679972404e-21,-1.1522322868103423
122274.27427425001,2621544318755664e-21,-1.1608732649673277
123524.52452450001,25835674875290344e-22,-1.1701207034898986
124774.77477475001,25478200854575485e-22,-1.1773490619381057
126025.02502500001,25147632001785943e-22,-1.186109866025698
127275.27527525001,24797587696595323e-22,-1.1940517688293084
128525.52552550001,24475488785994185e-22,-1.2030509868145054
129775.77577575001,2416911463049672e-21,-1.2106399849528535
131026.026026,23877012221852626e-22,-1.218107766211372
132276.27627625002,23565594205609084e-22,-1.2255710923564045
133526.5265265,2328594794845875e-21,-1.233405554072167
134776.77677675002,23011217632284098e-22,-1.2411365398488567
136027.027027,22762294718296143e-22,-1.2486854894279655
137277.27727725002,2248803028060396e-21,-1.2556167341944204
138527.5275275,22229353498602917e-22,-1.2636860751877554
139777.77777775002,21989827848665484e-22,-1.2703653590781616
141028.02802800003,2175307558452274e-21,-1.277907049886144
142278.27827825,21519340066355483e-22,-1.285029911938432
143528.52852850003,21312488063345516e-22,-1.291703348695719
144778.77877875,21089250903184547e-22,-1.2982851014215702
146029.02902900003,20860508788852178e-22,-1.305509872378661
147279.27927925,20654285014234425e-22,-1.3120497373466284
148529.52952950003,20457618371482633e-22,-1.318363704172534
149779.77977975,202537031984115e-20,-1.3252816817336823
151030.03003000002,20037980525115748e-22,-1.331453139094329
152280.28028025,19873579320417817e-22,-1.3380824114297072
153530.53053050002,1969123470615377e-21,-1.3441304625653214
154780.78078075,19503294510027e-19,-1.350665427226977
156031.03103100002,19318156593847974e-22,-1.3573468051562638
157281.28128125,1915115178236622e-21,-1.362959193535526
158531.53153150002,18989267043451433e-22,-1.369535466843475
159781.78178175,18822151237694543e-22,-1.3754815454352185
161032.03203200002,18659132469847262e-22,-1.3812850515244248
162282.28228225003,18493866669354578e-22,-1.3874592311145504
163532.53253250002,18354216287386584e-22,-1.3934932537481206
164782.78278275003,182164377338954e-20,-1.3985653176193111
166033.033033,18065157112261945e-22,-1.404955797600937
167283.28328325003,1792217335895721e-21,-1.4109643155084628
168533.5335335,1778466541603462e-21,-1.4169572559405168
169783.78378375003,17635910432108997e-22,-1.4225315342350826
171034.034034,17502445466717418e-22,-1.4284778843876658
172284.28428425002,17371151860859833e-22,-1.4333404014375715
173534.5345345,17242312383078175e-22,-1.4389377296934298
174784.78478475002,17116799630564883e-22,-1.444362707324793
176035.035035,1698437619348664e-21,-1.4497594815030623
177285.28528525002,16866264392233687e-22,-1.4559022607686736
178535.5355355,16744228888905885e-22,-1.460659038455375
179785.78578575002,16622633162573308e-22,-1.4656035717666867
181036.036036,1650934980284013e-21,-1.4714844942496954
182286.28628625002,16401768224153451e-22,-1.4763379667238155
183536.53653650003,16286444328226833e-22,-1.4819073100318534
184786.78678675002,1617621136617938e-21,-1.4865667444713315
186037.03703700003,16067622400594906e-22,-1.4915657381482497
187287.28728725002,1596052985109548e-21,-1.4970100653432183
188537.53753750003,15865717953912088e-22,-1.5019955315665163
189787.78778775,1576219915295212e-21,-1.5069521931324028
191038.03803800003,1566164641861551e-21,-1.5117265246452072
192288.28828825,15556512417651651e-22,-1.5166606632760544
193538.53853850003,15469010187327469e-22,-1.5216646604914956
194788.78878875,1536968039432769e-21,-1.5269201388787168
196039.03903900002,1528118026013091e-21,-1.530740137281392
197289.28928925,15186230524843404e-22,-1.5358528576751012
198539.53953950002,15090600451264613e-22,-1.5406909360254744
199789.78978975,15005403951493082e-22,-1.545735043842421
201040.04004000002,14923481809810428e-22,-1.5502843764287852
202290.29029025004,14839390052874826e-22,-1.5551272146124713
203540.54054050002,14757055626522204e-22,-1.5596694852813007
204790.79079075003,14666316891384468e-22,-1.56437174989991
206041.04104100002,14592086897959268e-22,-1.5689116987352445
207291.29129125003,14507837780510074e-22,-1.5737385236839627
208541.54154150002,14432524123140453e-22,-1.5782797437237492
209791.79179175003,14352119826797832e-22,-1.5830782241433625
211042.04204200002,14277015339675306e-22,-1.5870444390616552
212292.29229225003,14199972289751813e-22,-1.5916776444339529
213542.5425425,1412873995169506e-21,-1.5960641269248599
214792.79279275003,14054436249518342e-22,-1.6006901719289859
216043.043043,1396288908156891e-21,-1.6018296147517526
217293.29329325003,13916934616738937e-22,-1.6093714235282668
218543.5435435,138469442124854e-20,-1.6138297152120842
219793.79379375002,13783807548444235e-22,-1.6181313372128237
221044.04404400004,13709315617369599e-22,-1.6223470941222806
222294.29429425002,13647250956850243e-22,-1.6269312953223014
223544.54454450004,13581948914209036e-22,-1.630960980063344
224794.79479475002,13516505068640945e-22,-1.6353253855159813
226045.04504500004,13453512198966782e-22,-1.6395286114100458
227295.29529525002,13395199979584598e-22,-1.6434575211048446
228545.54554550003,13333075034282715e-22,-1.6483750478986927
229795.79579575002,13269570821951125e-22,-1.652683905813151
231046.04604600003,13210783785914775e-22,-1.6564811975496274
232296.29629625002,13151442872472643e-22,-1.6607882712691437
233546.54654650003,13096980858508972e-22,-1.6649729253675358
234796.79679675002,13041502505545701e-22,-1.6688329276299976
236047.04704700003,12980404764344912e-22,-1.6734352710104519
237297.29729725,12929162717045567e-22,-1.6773030912267628
238547.54754750003,12869749234055601e-22,-1.6813090332757334
239797.79779775,12816655671441632e-22,-1.6852454299982615
241048.04804800003,12761765340773298e-22,-1.6901846508657494
242298.29829825004,12718755383522285e-22,-1.6931743419863823
243548.54854850002,12664444182066505e-22,-1.6974599439674836
244798.79879875004,12606263186719197e-22,-1.702440278187648
246049.04904900002,12559019331275683e-22,-1.7046043787178047
247299.29929925004,12520270803223384e-22,-1.7088471066537165
248549.54954950002,12467580170433227e-22,-1.7133082787287317
249799.79979975004,12422678038950505e-22,-1.71718730045771
251050.05005000002,12373084060493926e-22,-1.7222566341283285
252300.30030025003,1233430700331224e-21,-1.723736670133784
253550.55055050002,1228987203783624e-21,-1.7286176730595955
254800.80080075003,12241806455986745e-22,-1.7324578835028406
256051.05105100002,12195798763226935e-22,-1.7362118607540076
257301.30130125003,12157008064120517e-22,-1.7400058072739317
258551.55155150002,12111080824852557e-22,-1.7440053760782566
259801.80180175003,12072902862463072e-22,-1.7479408774713132
261052.052052,12032539070114476e-22,-1.7516748828830233
262302.30230225006,11989036713493237e-22,-1.7552945925932761
263552.55255250004,11947785061009711e-22,-1.7592006121052175
264802.80280275,1190705787283989e-21,-1.7628726619640027
266053.053053,11869308451040328e-22,-1.7666540312971581
267303.30330325005,118324534353749e-20,-1.7702950759025877
268553.55355350004,11794490183979448e-22,-1.7740746506433513
269803.80380375,1175427767760375e-21,-1.7782119942645491
271054.054054,1172109147782326e-21,-1.781650473185584
272304.30430425005,11683618807185113e-22,-1.7850611409387886
273554.55455450004,1164597960229669e-21,-1.7890532156038654
274804.80480475,11611906757490509e-22,-1.7924127009974808
276055.055055,11580104761979197e-22,-1.7961958706855816
277305.30530525005,11546205165889287e-22,-1.7996604488043708
278555.55555550003,11511857283378092e-22,-1.8035350509874044
279805.80580575,11473307770507764e-22,-1.8071714493450257
281056.05605600006,11444314371141165e-22,-1.8108932947977314
282306.30630625004,11412980174230852e-22,-1.8144484583670393
283556.5565565,11384982433956532e-22,-1.8183610946761204
284806.80680675,11349129704443335e-22,-1.8215268648564282
286057.05705700006,1132264182937688e-21,-1.8252273827094332
287307.30730725004,1129369924754858e-21,-1.8285644742961937
288557.5575575,11262194424751644e-22,-1.832248309536306
289807.80780775,11232363345669026e-22,-1.8359962591665397
291058.05805800005,11203705407761051e-22,-1.839495846225203
292308.30830825004,1117566667457462e-21,-1.8431527477771255
293558.5585585,11144098507097988e-22,-1.8464441245975933
294808.80880875,11120963075784724e-22,-1.8498311191205614
296059.05905900005,11093642499782734e-22,-1.8534983703463175
297309.30930925003,11067395756816144e-22,-1.857168816417166
298559.5595595,11040819388621509e-22,-1.8606882455444713
299809.80980975,11017505002247193e-22,-1.8640397956532564
301060.06006000005,10991097895574822e-22,-1.867392262825051
302310.31031025003,10966626290655067e-22,-1.8713140109836341
303560.5605605,1094081710842976e-21,-1.8741937025209894
304810.81081075006,10913278513245967e-22,-1.878088046786592
306061.06106100004,10894847287869292e-22,-1.8811719190981582
307311.31131125,10870738955737026e-22,-1.8851275992347423
308561.5615615,10848304424683532e-22,-1.8882588177175805
309811.81181175006,10824453093485324e-22,-1.891597565626863
311062.06206200004,10804105893562007e-22,-1.8951321790177804
312312.31231225,10783499909361946e-22,-1.8984989807001968
313562.5625625,10762306487833822e-22,-1.9016637895838704
314812.81281275005,1074089930089052e-21,-1.9053738148104487
316063.06306300004,10722756027751812e-22,-1.9088588404628948
317313.31331325,10703210816972274e-22,-1.9121411736095633
318563.5635635,10683143347447034e-22,-1.9153524289511192
319813.81381375005,10666741456632592e-22,-1.9189641072726047
321064.06406400003,10645539915052672e-22,-1.9221524596773099
322314.31431425,1062928436246535e-21,-1.9257009887677217
323564.56456450006,10607847839196034e-22,-1.9291252379336696
324814.81481475005,10595451029987168e-22,-1.932578672155728
326065.06506500003,10574269444047879e-22,-1.9357854493522588
327315.31531525,10562427873626574e-22,-1.9395262456397246
328565.56556550006,10540862217725905e-22,-1.942764695588863
329815.81581575004,1052648599833794e-21,-1.9463477742683868
331066.066066,1051240805999025e-21,-1.9496289394677724
332316.31631625,1049639998370823e-21,-1.9529533602563316
333566.56656650006,10480291480067846e-22,-1.956605317765562
334816.81681675004,10466587145930108e-22,-1.9598336668632081
336067.067067,10450922010710334e-22,-1.9632288804552596
337317.31731725,10436345085792974e-22,-1.966574253163318
338567.56756750005,10422121998990997e-22,-1.970030499749592
339817.81781775004,1041486177880904e-21,-1.973470167322227
341068.068068,10397313254822146e-22,-1.9770899569556442
342318.31831825007,10386751277605462e-22,-1.9802333678750972
343568.56856850005,10375015159190226e-22,-1.9838649574806195
344818.81881875003,1036283001223382e-21,-1.9869986318092672
346069.069069,10351777295462247e-22,-1.9905738277821785
347319.31931925006,1033876262791763e-21,-1.9942426190841978
348569.56956950005,103282658100056e-20,-1.9975019372173486
349819.81981975003,10318683754980168e-22,-2.0009353445451095
351070.07007,10309261474085223e-22,-2.004498411055329
352320.32032025006,1029535918274474e-21,-2.0079366963240552
353570.57057050004,10288788725255342e-22,-2.011338479469278
354820.82082075,10276088873790096e-22,-2.014823987965055
356071.071071,10268020503211338e-22,-2.0185005092160293
357321.32132125006,10257691326717113e-22,-2.022276988256211
358571.57157150004,10249821269675392e-22,-2.0256791036846167
359821.82182175,10236792836652946e-22,-2.029193352965753
361072.072072,10224525661793093e-22,-2.0327443837500105
362322.32232225005,10216234186405578e-22,-2.0363285090548615
363572.57257250004,1020822836949682e-21,-2.039717347773718
364822.82282275,1019655602744313e-21,-2.043324251949545
366073.07307300007,1018279528852419e-21,-2.0467667070621243
367323.32332325005,1017457406193567e-21,-2.050121003161527
368573.57357350003,1016373142883163e-21,-2.0535997638595904
369823.82382375,10151540151955998e-22,-2.0570579476583593
371074.07407400006,1014076472998195e-21,-2.06044043499919
372324.32432425005,10131529974130312e-22,-2.0637002501936816
373574.57457450003,10121853438342742e-22,-2.0669943669277053
374824.82482475,10112264186744276e-22,-2.0699787747514433
376075.07507500006,10100374439437404e-22,-2.073507416796323
377325.32532525004,1008887840142055e-21,-2.076686292174699
378575.5755755,10081927800039137e-22,-2.0792608113774493
379825.82582575,10072286846179818e-22,-2.0819672654689345
381076.07607600006,10064821671600577e-22,-2.0845693398713077
382326.32632625004,10061034961604642e-22,-2.0871638129408305
383576.5765765,10056135824721824e-22,-2.089953738797472
384826.82682675007,10053982250100771e-22,-2.092537915184324
386077.07707700005,10049646244304165e-22,-2.0953313151202035
387327.32732725004,1004899299807447e-21,-2.0980592881445226
388577.5775775,10048300852980788e-22,-2.101404817067525
389827.82782775006,10047511164108207e-22,-2.1041119790022464
391078.07807800005,10047877653392772e-22,-2.1071044141239965
392328.32832825003,10050435702327557e-22,-2.109949050898731
393578.5785785,10046966715299265e-22,-2.11282788539481
394828.82882875006,10048391693542832e-22,-2.1158365735514417
396079.07907900005,10049462252033554e-22,-2.118898721644705
397329.32932925003,10051810562163494e-22,-2.121726592868466
398579.5795795,10053121632864698e-22,-2.1245713599762386
399829.82982975006,10056093430619646e-22,-2.1280618862801584
401080.08008000004,1005897269224195e-21,-2.1310073869806674
402330.33033025,10061947945249687e-22,-2.134021570605773
403580.5805805001,10064409781154358e-22,-2.137082853291
404830.83083075006,10066115778461884e-22,-2.1398821574181284
406081.08108100004,10071756519877566e-22,-2.1429950943219938
407331.33133125,1007552662708345e-21,-2.1459761993861632
408581.58158150007,1007876515288513e-21,-2.1489715467535695
409831.83183175005,100814595127648e-20,-2.1517432930947593
411082.08208200004,10088006169321995e-22,-2.154720397866273
412332.33233225,10092522820089721e-22,-2.1579893025136605
413582.58258250006,1009645799206701e-21,-2.160655003417095
414832.83283275005,1010518916494216e-21,-2.1637467871054827
416083.08308300003,10111961667534225e-22,-2.1665495465068503
417333.33333325,10119738706392764e-22,-2.1694184252510773
418583.58358350006,10127419852762e-19,-2.172300793833065
419833.83383375005,10139906032817942e-22,-2.1753627924596297
421084.08408400003,1015061631504703e-21,-2.1782974796455266
422334.3343342501,10160704482760695e-22,-2.181421386333263
423584.58458450006,10173102794042066e-22,-2.1845218014011727
424834.83483475004,10187593687826263e-22,-2.1878867697997437
426085.085085,10200131767400708e-22,-2.1912799102249227
427335.33533525007,1020989527282088e-21,-2.1946505009847868
428585.58558550006,10220419420319435e-22,-2.197876554930851
429835.83583575004,10232008137065113e-22,-2.2013376152383337
431086.086086,10242877153816767e-22,-2.204489294121344
432336.33633625007,10254916215947408e-22,-2.208200330174522
433586.58658650005,10268112266148334e-22,-2.2113314668501136
434836.83683675004,10279020775336324e-22,-2.2144851151939458
436087.087087,10288884904540353e-22,-2.2179179220770786
437337.33733725006,103012446907331e-20,-2.2209256176538648
438587.58758750005,10317894036992318e-22,-2.2245506200584235
439837.83783775003,10327823996212818e-22,-2.227728375257241
441088.0880880001,1034200084025885e-21,-2.2309614768958825
442338.33833825006,103573496786317e-20,-2.2340497514189055
443588.58858850005,10371664125815098e-22,-2.2371063858631586
444838.83883875003,10384991279742543e-22,-2.2405708913370335
446089.0890890001,10401467616135927e-22,-2.243730435073159
447339.33933925006,10417858608434772e-22,-2.246861314827034
448589.58958950004,10434058881138546e-22,-2.2501260595496593
449839.83983975,10449957722846065e-22,-2.2534397601155556
451090.09009000007,10466705697778525e-22,-2.2565715537974276
452340.34034025006,10485646614526885e-22,-2.2597533042474827
453590.59059050004,10503066627764526e-22,-2.2628818246254463
454840.84084075,10520742147090677e-22,-2.266245219566988
456091.09109100007,10542310710791306e-22,-2.2693934007306953
457341.34134125005,10561335154707316e-22,-2.272655083342367
458591.59159150004,10580800142906592e-22,-2.276038562665495
459841.84184175,10599113901402988e-22,-2.279266709090482
461092.09209200006,10622296046172007e-22,-2.2823810590589337
462342.34234225005,1064363864379469e-21,-2.285548618771261
463592.59259250003,1066584007391117e-21,-2.2889592701913255
464842.8428427501,10688178697249636e-22,-2.29205859506473
466093.09309300006,10712313455807627e-22,-2.295038946408253
467343.34334325005,10736699233115712e-22,-2.298402327821608
468593.59359350003,10760479541612656e-22,-2.301605496020098
469843.8438437501,10785981025135684e-22,-2.3048156164134683
471094.09409400006,10813147068052947e-22,-2.30831699438989
472344.34434425004,10838608299946274e-22,-2.3116154956650816
473594.5945945,10864456987182342e-22,-2.3149201840877383
474844.84484475007,10889931804718834e-22,-2.318263967548093
476095.09509500006,1092112843391049e-21,-2.3214947977684544
477345.34534525004,10947336720274644e-22,-2.3249598759992107
478595.5955955,10975795512002756e-22,-2.3281190731637884
479845.84584575007,11006477931961274e-22,-2.331532907261121
481096.09609600005,1103902892203193e-21,-2.33508410995565
482346.34634625004,11069693468134971e-22,-2.338393549511799
483596.5965965001,11099763841326964e-22,-2.3416329794761412
484846.84684675006,11132470609119174e-22,-2.345097019460564
486097.09709700005,11166384782040691e-22,-2.348432698181112
487347.34734725003,1120066452399777e-21,-2.351921781873766
488597.5975975001,11234135812356979e-22,-2.355095071947889
489847.84784775006,11268929967732957e-22,-2.358571173538976
491098.09809800005,11305338620772994e-22,-2.36199446600533
492348.34834825003,1134349871847404e-21,-2.3654174236709675
493598.5985985001,11379478948358591e-22,-2.368829922840952
494848.84884875006,11418855672184041e-22,-2.3724117942843126
496099.09909900004,1145705119553131e-21,-2.3759661418436213
497349.34934925,11497323126036392e-22,-2.3792865814767805
498599.59959950007,1154078361402021e-21,-2.3828712381776134
499849.84984975006,11583004485331078e-22,-2.3861674087295803
501100.10010000004,116236093573097e-20,-2.3895264309025666
502350.3503502501,11666798147743597e-22,-2.393150413259689
503600.60060050007,11712064058555386e-22,-2.396649561860508
504850.85085075005,11757935198674015e-22,-2.4001843422459244
506101.10110100004,1180674256648524e-21,-2.40375490376406
507351.3513512501,11853105411037873e-22,-2.407220840897661
508601.60160150006,11900554027753336e-22,-2.4107440439003343
509851.85185175005,11951246361842837e-22,-2.4147445861528514
511102.10210200003,12003455777953921e-22,-2.418027308191463
512352.3523522501,12053203615452239e-22,-2.421849904997777
513602.60260250006,12106032809744478e-22,-2.4253838860926633
514852.85285275005,12160634987871213e-22,-2.4291762864008115
516103.10310300003,12216650836959335e-22,-2.4329442926550016
517353.3533532501,12272155837425067e-22,-2.4367743238062647
518603.60360350006,12333940156039516e-22,-2.4403111961431305
519853.85385375004,12390543317183466e-22,-2.444251987733189
521104.104104,12453881408581769e-22,-2.4481601836225892
522354.35435425007,12516928045415596e-22,-2.4519126034330903
523604.60460450005,12581018359824437e-22,-2.455862420809226
524854.85485475,12645588240503198e-22,-2.4599743553868367
526105.1051050001,12709328686917614e-22,-2.464220780789539
527355.3553552501,12778012701534964e-22,-2.4681620649284945
528605.6056055,12847445596051747e-22,-2.4724055611184275
529855.85585575,12916804495967031e-22,-2.476792426564871
531106.106106,12989311109929053e-22,-2.481285952865464
532356.35635625,13061764365912662e-22,-2.485871112125528
533606.6066065001,13134969270205098e-22,-2.490490742369909
534856.8568567501,1320497494115102e-21,-2.4954835748368565
536107.1071070001,13274637358800101e-22,-2.5001905611065247
537357.3573572501,1334303193291313e-21,-2.505003028176425
538607.6076075,13411242133635787e-22,-2.5096059355398688
539857.85785775,13472436353445486e-22,-2.514119022095135
541108.108108,13543223437342428e-22,-2.5185068887599664
542358.3583582501,13612559263630178e-22,-2.5220891434566526
543608.6086085001,13687857993267283e-22,-2.5256248059563613
544858.8588587501,13766954438562937e-22,-2.5291857886440376
546109.1091090001,1385489250565138e-21,-2.5326481745519684
547359.35935925,13946649459067947e-22,-2.5362146451315395
548609.6096095,14044408351008753e-22,-2.540034300011006
549859.85985975,14145656891904644e-22,-2.543771820746859
551110.11011,1425162988847305e-21,-2.5480188868678364
552360.3603602501,1436282333062484e-21,-2.5521759234005117
553610.6106105001,14475330270401343e-22,-2.556633577134775
554860.8608607501,14589325966097201e-22,-2.561477228431475
556111.1111110001,1470885848956363e-21,-2.566086870255664
557361.36136125,14830556968492537e-22,-2.57110802752618
558611.6116115,14955011184296347e-22,-2.576608838207969
559861.86186175,1508384929003678e-21,-2.5818005232907613
561112.1121120001,15216695071228973e-22,-2.5875117904465954
562362.3623622501,15353354481134418e-22,-2.5933577587689483
563612.6126125001,15491866908516958e-22,-2.599613777872662
564862.8628627501,15633340897179653e-22,-2.6060283678627862
566113.113113,15777101854070588e-22,-2.612795502142048
567363.36336325,15927807338180686e-22,-2.619902553257777
568613.6136135,1607574178781605e-21,-2.6274088170601013
569863.86386375,16227003250865453e-22,-2.6351881822545344
571114.1141140001,16379485812452317e-22,-2.6438387880977943
572364.3643642501,16532423809900908e-22,-2.6525578888933588
573614.6146145001,16681328655035406e-22,-2.662064219054617
574864.8648647501,16825987744997806e-22,-2.672088188872234
576115.115115,16967387923202076e-22,-2.682625084700646
577365.36536525,17097030686604352e-22,-2.693630236923473
578615.6156155,17214024788436391e-22,-2.7050661130129745
579865.86586575,17316859954049504e-22,-2.71678497116513
581116.1161160001,1739873003741532e-21,-2.728605456521165
582366.3663662501,17459544648591744e-22,-2.7400914253730195
583616.6166165001,17499933825016145e-22,-2.7508512294993297
584866.8668667501,1751969541153034e-21,-2.7602953429466464
586117.117117,17524404608633252e-22,-2.7688545258060056
587367.36736725,17524462248774276e-22,-2.775361352106499
588617.6176175,17521845783253294e-22,-2.780243180681938
589867.8678677501,1753320197839744e-21,-2.783377356546148
591118.1181180001,17557642663107715e-22,-2.784884206604402
592368.3683682501,17611273668099307e-22,-2.7853928417856433
593618.6186185001,17688802529190287e-22,-2.7849794089018896
594868.86886875,1778854607250616e-21,-2.784243336261001
596119.119119,17918864732872226e-22,-2.7831182789396443
597369.36936925,18072005162422942e-22,-2.782416707765683
598619.6196195,18251288543124965e-22,-2.7818508685015084
599869.8698697501,1844700348562901e-21,-2.7819124953736103
601120.1201200001,18664213259463624e-22,-2.782167497822205
602370.3703702501,18896967657857754e-22,-2.7833070951215504
603620.6206205001,1914484735460631e-21,-2.7846751687490174
604870.87087075,19403661319738585e-22,-2.7864919480277814
606121.121121,19679466987335246e-22,-2.7890569978693396
607371.37137125,19967565527278063e-22,-2.7919078737506027
608621.6216215001,20263468353796166e-22,-2.795442526452042
609871.8718717501,20573797475358118e-22,-2.79924487091953
611122.1221220001,2089827897201065e-21,-2.803279391227771
612372.3723722501,21228318345788495e-22,-2.8077710476656286
613622.6226225,2157721151461988e-21,-2.812646758964158
614872.87287275,21936959964806714e-22,-2.817822356643518
616123.123123,22311370495489148e-22,-2.8233072005966093
617373.37337325,22695255441372214e-22,-2.8292773029119793
618623.6236235001,230935182491472e-20,-2.8354296322843813
619873.8738737501,23512872633406765e-22,-2.8419521187561934
621124.1241240001,2394637510830102e-21,-2.8487025627517006
622374.3743742501,2439524725173372e-21,-2.8558539820813467
623624.6246245,24862944807501295e-22,-2.863222238118663
624874.87487475,2534251854601127e-21,-2.871090558328445
626125.125125,2585544325966343e-21,-2.878945001166547
627375.3753752501,26383493673004526e-22,-2.8872678812701875
628625.6256255001,2693137022970404e-21,-2.896014671528527
629875.8758757501,27504966483931117e-22,-2.905168712388644
631126.1261260001,28108062021906575e-22,-2.914602425827896
632376.3763762501,2873516139952241e-21,-2.924470414710915
633626.6266265,29390895457311093e-22,-2.9348651726360426
634876.87687675,30080141606020113e-22,-2.9455589621017766
636127.127127,30807579449549468e-22,-2.956791652889168
637377.3773772501,31570488578265768e-22,-2.968523449288142
638627.6276275001,32368244034765142e-22,-2.9806334275033888
639877.8778777501,3320831192844933e-21,-2.9937290477452896
641128.1281280001,3409806384745591e-21,-3.007062090731371
642378.37837825,3503406707627864e-21,-3.021157533752294
643628.6286285,36016568644054365e-22,-3.0360797828195536
644878.87887875,3706865296205149e-21,-3.0518902970169326
646129.1291290001,381658444934331e-20,-3.068236064361361
647379.3793792501,3933617121110229e-21,-3.085749723303957
648629.6296295001,4057991648764746e-21,-3.1043957901013894
649879.8798797501,41894825187076805e-22,-3.1237752491022515
651130.1301300001,4329160073307058e-21,3.1386074840295946
652380.38038025,447808998906244e-20,3.116479838979016
653630.6306305,4635919176584694e-21,3.092948479203648
654880.88088075,4805214658178733e-21,3.0681403421169167
656131.1311310001,4983409996543136e-21,3.041081340950764
657381.3813812501,5175756086998756e-21,3.0124696918435294
658631.6316315001,5378915910864368e-21,2.981221618552815
659881.8818817501,5596335376805509e-21,2.94771896368643
661132.132132,5826982303795421e-21,2.9115326354389874
662382.38238225,607027895862793e-20,2.8724247200308866
663632.6326325,6328503769594004e-21,2.8299088458062416
664882.8828827501,6599360622057093e-21,2.7838276058129408
666133.1331330001,68806403078013334e-22,2.7339060733448606
667383.3833832501,717190581202149e-20,2.6796186572952125
668633.6336335001,746893317691367e-20,2.6208012459788006
669883.8838837501,7766021754096652e-21,2.5572310311354483
671134.134134,8057500992105763e-21,2.488549461027656
672384.38438425,8333813392691202e-21,2.4149279715117125
673634.6346345,8589034629208528e-21,2.3364833171647637
674884.8848847501,8806423930149938e-21,2.2532643005944317
676135.1351350001,8978411194906693e-21,2.166628666019326
677385.3853852501,9097223406146579e-21,2.076467003337951
678635.6356355001,9152619304075583e-21,1.984256632190417
679885.8858857501,9139614102332855e-21,1.8913911481142451
681136.136136,9062744680180986e-21,1.7986139022633012
682386.38638625,892467896917825e-20,1.707385637965738
683636.6366365001,8732077050172338e-21,1.6183867613335734
684886.8868867501,8497040544555897e-21,1.5323737960998975
686137.1371370001,8230155955080517e-21,1.4498974648984517
687387.3873872501,793907060064969e-20,1.37122573591882
688637.6376375001,7633864580010566e-21,1.2958599131047166
689887.88788775,7320367784823377e-21,1.2239672518528921
691138.138138,7003979762670623e-21,1.1554091458158757
692388.38838825,6686452461168896e-21,1.0895646358614215
693638.6386385001,6366832979240405e-21,1.0261373654495005
694888.8888887501,6048810207587461e-21,0.9646169666010276
696139.1391390001,5735002187243736e-21,0.9069129638679106
697389.3893892501,54130764896964725e-22,0.8505478353913509
698639.6396395001,5091078778645675e-21,0.7982483550451906
699889.88988975,4771982353059983e-21,0.7501045085676754
701140.14014,4456658081321838e-21,0.7081744803839093
702390.3903902501,4154358578076967e-21,0.6733935094998831
703640.6406405001,3870603826990548e-21,0.6461349008188702
704890.8908907501,3612237726119335e-21,0.626884472465044
706141.1411410001,33805371431055672e-22,0.6145495041741522
707391.3913912501,31778772022771066e-22,0.6081041714757048
708641.6416415,300105856422875e-20,0.6063601992404399
709891.89189175,28504852756456633e-22,0.6072776352286018
711142.142142,27210826217183467e-22,0.6096684235041785
712392.3923922501,26096614400436113e-22,0.6127068482267681
713642.6426425001,25124076240743e-19,0.6152005455302434
714892.8928927501,242757063604566e-20,0.6170358929969899
716143.1431430001,235085488350484e-20,0.6179672984819562
717393.3933932501,22810040433572647e-22,0.6178446533249825
718643.6436435,2217014906337562e-21,0.6170449110861704
719893.89389375,21576835055331563e-22,0.6152125592415717
721144.144144,2101440277187987e-21,0.6126131648238663
722394.3943942501,20488503177541296e-22,0.6094150087143092
723644.6446445001,19983878037202454e-22,0.6058371674220827
724894.8948947501,1950867664992774e-21,0.6018283419409082
726145.1451450001,1904983303207587e-21,0.5975539065513926
727395.3953952501,18607519055350482e-22,0.5928135550185686
728645.6456455,18184441009424115e-22,0.5879233631425733
729895.89589575,1777683474801186e-21,0.5830885947087839
731146.1461460001,17388449758528325e-22,0.5779664597151286
732396.3963962501,17008700728284759e-22,0.5728383324877695
733646.6466465001,16642695171918423e-22,0.5676230001684693
734896.8968967501,16290534766226321e-22,0.5623165787390673
736147.1471470001,15948198630415418e-22,0.5572836629077005
737397.39739725,15617188979169192e-22,0.5517982863158966
738647.6476475,15301601544346055e-22,0.5467237299809489
739897.89789775,14994134032278066e-22,0.541490157951321
741148.1481480001,146940493915935e-20,0.5365144281422587
742398.3983982501,14405542713475042e-22,0.5314049794845811
743648.6486485001,1412658608001403e-21,0.5264524983422518
744898.8988987501,13853100805856672e-22,0.5215359426912745
746149.1491490001,13591631756650407e-22,0.5167589270553059
747399.39939925,1333606824143829e-21,0.5119216771544262
748649.6496495,13089410521178302e-22,0.5071181653493172
749899.8998997501,12847221472787324e-22,0.5025148667654945
751150.1501500001,12615599403967692e-22,0.49779483505071775
752400.4004002501,12388132725974227e-22,0.4930502627620529
753650.6506505001,1217027610235334e-21,0.4887133928508468
754900.9009007501,11956790173901923e-22,0.48416505278418975
756151.151151,11748894435803022e-22,0.4796546317530456
757401.40140125,1154572796917408e-21,0.4753010765749887
758651.6516515,11350659693031432e-22,0.47071983424861497
759901.9019017501,1115847321409176e-21,0.46677477067911255
761152.1521520001,10973339230241692e-22,0.4624153522819796
762402.4024022501,10792136681584341e-22,0.4584209865562051
763652.6526525001,10615838368294047e-22,0.4542165066720104
764902.9029027501,10445542988919553e-22,0.45023898082379404
766153.153153,1027643120568542e-21,0.4464248492630547
767403.40340325,10114948572641318e-22,0.44252368390627717
768653.6536535001,9954489136538937e-22,0.43870060604152866
769903.9039037501,9801009799559773e-22,0.43479834837761183
771154.1541540001,9650351419706224e-22,0.4311589332999027
772404.4044042501,9503352349032152e-22,0.4274168221591679
773654.6546545001,9359276735702585e-22,0.42381216030689556
774904.9049047501,9220502539891901e-22,0.42015400321382146
776155.155155,9084799040098561e-22,0.4166766614420333
777405.40540525,8952598172236249e-22,0.4131171064630591
778655.6556555001,8822020797044902e-22,0.40955657019589103
779905.9059057501,8695515332039704e-22,0.40620040477197733
781156.1561560001,8570657313729584e-22,0.40277832349219933
782406.4064062501,8450990618487593e-22,0.3995761535035512
783656.6566565001,8333396356588697e-22,0.39622348992222856
784906.90690675,8217996511436222e-22,0.3927858045809892
786157.157157,8104817233788021e-22,0.389613740341624
787407.4074072501,7994359584077048e-22,0.38633062816926833
788657.6576575001,7887023245569889e-22,0.38309948727799686
789907.9079077501,7782924376246582e-22,0.38023430381401235
791158.1581580001,7678613705287821e-22,0.3771826538143979
792408.4084082501,7577739060234842e-22,0.37392313451470216
793658.6586585001,7479903159093479e-22,0.3708395553451291
794908.90890875,7383011588633455e-22,0.3677997825541638
796159.159159,7287623953103604e-22,0.3648509514834491
797409.4094092501,7195113390912461e-22,0.36173644155663603
798659.6596595001,7104589048712166e-22,0.3587189225262416
799909.9099097501,7016191154361895e-22,0.35561673279725087
801160.1601600001,6928914068129443e-22,0.35273113459727795
802410.4104102501,6843542805226995e-22,0.34982831542406084
803660.6606605,6759771882155365e-22,0.34682656550541735
804910.91091075,6677979494484053e-22,0.34400707424875127
806161.1611610001,659773218754574e-21,0.3409430403154505
807411.4114112501,6519345560753578e-22,0.3381519456509039
808661.6616615001,6441523190852589e-22,0.33531428563329524
809911.9119117501,6365635041032575e-22,0.3324108416767117
811162.1621620001,6291398657758402e-22,0.329802068242765
812412.4124122501,621952538635297e-21,0.3268267197872287
813662.6626625,6146236281824591e-22,0.32393892860517104
814912.91291275,6077630602402395e-22,0.32138274661723687
816163.1631630001,600771492936471e-21,0.31842411512352786
817413.4134132501,5940430668124972e-22,0.3158383818330477
818663.6636635001,5873619329219604e-22,0.3129715843409478
819913.9139137501,5808488439179321e-22,0.3103848891266316
821164.1641640001,5744439412963608e-22,0.307583571231544
822414.4144142501,5681711939406077e-22,0.30480251357218147
823664.6646645,5619889216427949e-22,0.3021695150994483
824914.9149147501,5558559532679498e-22,0.29953698433149617
826165.1651650001,5498861669224555e-22,0.2968435624992344
827415.4154152501,5440229500728999e-22,0.29427601078404375
828665.6656655001,5382788297978064e-22,0.2915742748868357
829915.9159157501,5326300759330644e-22,0.28892454613221885
831166.1661660001,5269451026127477e-22,0.28636936389689277
832416.41641625,5215700853853939e-22,0.28381668494317314
833666.6666665,516124094709456e-21,0.2812345679053515
834916.9169167501,5107881988879983e-22,0.2785481111210984
836167.1671670001,5056024684521777e-22,0.276018024977879
837417.4174172501,5004822328455772e-22,0.27357086859500823
838667.6676675001,4953447854491274e-22,0.27100883484307214
839917.9179177501,4904090665162868e-22,0.2683929961337692
841168.1681680001,485530962167802e-21,0.26591101865716416
842418.41841825,4807914422721919e-22,0.26347889025498084
843668.6686685001,4760419897498213e-22,0.26099765951027065
844918.9189187501,47134917299231547e-23,0.2585502478143886
846169.1691690001,4667941483813864e-22,0.2559728669570552
847419.4194192501,4622465413219546e-22,0.25343427997150275
848669.6696695001,45781664281565625e-23,0.25090354403813614
849919.9199197501,45340958092067425e-23,0.24844264920540585
851170.17017,4490861936829532e-22,0.24599537731896648
852420.42042025,4448792102740372e-22,0.24360926317014384
853670.6706705001,4406051421316481e-22,0.241020331704954
854920.9209207501,4365625477193174e-22,0.23855388904469244
856171.1711710001,432411408056499e-21,0.2362059176719967
857421.4214212501,42847436395794717e-23,0.23380995179200287
858671.6716715001,4244983667038514e-22,0.23136172717428954
859921.9219217501,42059924970068934e-23,0.22906901587039663
861172.172172,4167650746839592e-22,0.22658847070724789
862422.4224222502,4129956987108977e-22,0.2242342940333241
863672.6726725001,4093525991179634e-22,0.22178801911621607
864922.9229227501,4056416867423167e-22,0.2194090237763431
866173.1731730001,40192614717062997e-23,0.21697293062560555
867423.4234232501,39840091539677496e-23,0.214698731273204
868673.6736735001,3949037068801737e-22,0.2123778201052068
869923.9239237501,39138672053415536e-23,0.20997638199853838
871174.174174,3880083660399469e-22,0.20776454311379003
872424.4244242501,38454179724301993e-23,0.20542663399972647
873674.6746745001,38125389795622614e-23,0.20300166512612447
874924.9249247501,3779851178171345e-22,0.200666530947778
876175.1751750001,37472383077081696e-23,0.19819925258456583
877425.4254252501,3715539730256754e-22,0.1959851739200277
878675.6756755001,36841859564878795e-23,0.1936627740191657
879925.92592575,3653083423615608e-22,0.1913774355784327
881176.1761760002,3621579298245498e-22,0.18899182831101113
882426.4264262501,35923132987919344e-23,0.18674901393131213
883676.6766765001,35616161808127977e-23,0.18444219362515274
884926.9269267501,3532493017682368e-22,0.18219333688504027
886177.1771770001,35034392431783905e-23,0.17983017599541337
887427.4274272501,34744460605590896e-23,0.17756646323607497
888677.6776775001,34454069692566145e-23,0.17535758106088611
889927.92792775,34177863611375823e-23,0.17313833475205506
891178.1781780001,33907631043608035e-23,0.17069782591398175
892428.4284282501,3363156794598848e-22,0.16840057818516868
893678.6786785001,3336068800592744e-22,0.16631125235659386
894928.9289287501,33093816876204203e-23,0.16398990562702143
896179.1791790001,3283026254116477e-22,0.16160648680644646
897429.4294292501,3257206305021517e-22,0.15940966846592172
898679.6796795,3231264541532384e-22,0.1570889607064323
899929.92992975,32057911436238663e-23,0.15489778821512623
901180.1801800001,31809501406322443e-23,0.15257882442976292
902430.4304302501,31558564514300464e-23,0.15026785206095597
903680.6806805001,31317358667809046e-23,0.1481880371364413
904930.9309307501,3107154559170684e-22,0.14580665953836108
906181.1811810001,3083172087893984e-22,0.14354279380360152
907431.4314312501,30590284764849743e-23,0.14138370397394404
908681.6816815,303598016191813e-21,0.1390002541928162
909931.9319317502,3012454926480397e-22,0.13698404021861565
911182.1821820001,2989637736574358e-22,0.13465828246219
912432.4324322501,2967242934804677e-22,0.13251519955970562
913682.6826825001,2945001338084237e-22,0.13043954768891045
914932.9329327501,2922899482245674e-22,0.1279880086405426
916183.1831830001,2900849607491957e-22,0.12588439480910013
917433.4334332501,2879450124572081e-22,0.12358452983515511
918683.6836835,2858155514117449e-22,0.12151200657670334
919933.9339337501,28370530825263003e-23,0.11931157167306072
921184.1841840001,28161897431310153e-23,0.1169146966542883
922434.4344342501,27952210473041976e-23,0.1148338027193382
923684.6846845001,2775233337571982e-22,0.11289283431386231
924934.9349347501,27547999905976455e-23,0.11053008280206765
926185.1851850001,27350888429026246e-23,0.10846275463954659
927435.43543525,2715445257777201e-22,0.10612576992660747
928685.6856855002,26953882985102004e-23,0.10405700007854297
929935.9359357501,26766248983702004e-23,0.10191002684754095
931186.1861860001,26573804532883455e-23,0.09966237513454539
932436.4364362501,26385132076676153e-23,0.09760487874987524
933686.6866865001,26194316581174663e-23,0.09542322783002956
934936.9369367501,26011590038715227e-23,0.09322027475055915
936187.1871870001,25831511653194047e-23,0.0910108538753777
937437.43743725,25649025967228267e-23,0.08901949641500935
938687.6876875001,2546890588341234e-22,0.086913797973583
939937.9379377501,25289066987342986e-23,0.08467972003199979
941188.1881880001,25112392156506317e-23,0.08243400847466552
942438.4384382501,2493969925807212e-22,0.08046160133301576
943688.6886885001,24762443016170284e-23,0.07829678776597686
944938.9389387501,24593989866190875e-23,0.07619133782611742
946189.189189,2442484058926423e-22,0.07401856586790424
947439.4394392502,24255768763265023e-23,0.07202989812519571
948689.6896895001,240895761248695e-21,0.06981550508483184
949939.9399397501,23925252847353254e-23,0.06772102073928583
951190.1901900001,23766734828330105e-23,0.06577688173891559
952440.4404402501,2360103219278029e-22,0.06375425238268966
953690.6906905001,234407214845934e-21,0.061498805307787854
954940.9409407501,232848066259166e-21,0.0595410716190374
956191.191191,23124208743395914e-23,0.05753090573905808
957441.4414412502,22969435732258627e-23,0.05562486227156229
958691.6916915001,22817048956500916e-23,0.053708723818416036
959941.9419417501,22660486429649448e-23,0.051669672038723836
961192.1921920001,225101386779623e-21,0.04979676713242976
962442.4424422501,22358654235088595e-23,0.04782521428623437
963692.6926925001,2221371902592547e-22,0.04605976980928289
964942.94294275,22065517142946563e-23,0.044177841467241796
966193.1931930002,21921440277385475e-23,0.04230955155406334
967443.4434432501,21779972420321242e-23,0.04054454414661691
968693.6936935001,21638378412298254e-23,0.038912699104179715
969943.9439437501,2149617632556551e-22,0.0369938571480825
971194.1941940001,21358543978880668e-23,0.03529837380193439
972444.4444442501,21220462675562317e-23,0.033699008021579276
973694.6946945001,2108657178661812e-22,0.032070404758965505
974944.94494475,20958345970751606e-23,0.030618498936094203
976195.1951950002,20825446084364072e-23,0.028939988621210715
977445.4454452501,20697049531490012e-23,0.027440095713105968
978695.6956955001,2057020152211165e-22,0.025936691054106228
979945.9459457501,20444764108784187e-23,0.024404499410130728
981196.1961960001,20324117184703758e-23,0.022965412655631248
982446.4464462501,2020603346182319e-22,0.02171658824692138
983696.6966965001,2008943627990992e-22,0.020291707168265966
984946.9469467502,19979100816523751e-23,0.01890720124328959
986197.1971970001,19868193091320678e-23,0.01727635177224514
987447.4474472501,19763344720937923e-23,0.01579771291001155
988697.6976975001,1965654671303092e-22,0.014060429261025477
989947.9479477501,19554564879070202e-23,0.012525338673996658
991198.1981980001,1945524600964396e-22,0.01052357116712795
992448.4484482501,19354650413523146e-23,0.008713132401768044
993698.6986985,19257366964260245e-23,0.006724912054142161
994948.9489487502,19164244705627335e-23,0.004603946968375887
996199.1991990001,19066307164116933e-23,0.0021683132748657264
997449.4494492501,18969264527638647e-23,-0.0001764286322117796
998699.6996995001,1887082321707599e-22,-0.002601686742824657
999949.9499497501,18770277355661592e-23,-0.005116178095893798
1001200.2002000001,18674990153406387e-23,-0.007555766649254886
1002450.4504502501,18574173900022187e-23,-0.010166332646246855
1003700.7007005002,18475707769679848e-23,-0.012788650466439424
1004950.9509507501,18374817916576196e-23,-0.015570007703696697
1006201.2012010001,18274922183690706e-23,-0.01833605896745196
1007451.4514512501,18171318797475596e-23,-0.0208419361496661
1008701.7017015001,1807155149592908e-22,-0.023315278610756718
1009951.9519517501,17970671396165535e-23,-0.02575962158577504
1011202.2022020001,1786847068372928e-22,-0.028418865504294632
1012452.45245225,17767735182915773e-23,-0.03100747815816618
1013702.7027025002,1766784637953388e-22,-0.03343955324083731
1014952.9529527501,1756695788881492e-22,-0.035803565566877624
1016203.2032030001,17466621955800756e-23,-0.038110464776056265
1017453.4534532501,17368581957303906e-23,-0.04051791291723213
1018703.7037035001,1726959295093801e-22,-0.042815275903923804
1019953.9539537501,17170278456355074e-23,-0.04505247091768096
1021204.2042040001,17076441144424336e-23,-0.047335206716329674
1022454.4544542502,16981352761247983e-23,-0.04958261649838191
1023704.7047045002,1688497046972618e-22,-0.05189467618951058
1024954.9549547501,16793446010045276e-23,-0.054104751495582505
1026205.2052050001,16697649568932382e-23,-0.05622845046557749
1027455.4554552501,16607350293670806e-23,-0.05821702395088941
1028705.7057055001,16517269496678638e-23,-0.06065112878105693
1029955.9559557501,1642606050577379e-22,-0.0627930654829912
1031206.2062060001,16338381471865728e-23,-0.06480521625070483
1032456.4564562502,16252229390560348e-23,-0.0671334492711935
1033706.7067065001,16163070296194753e-23,-0.06906535956796729
1034956.9569567501,16076003493241867e-23,-0.07131748321678752
1036207.2072070001,15991052498482493e-23,-0.07344557585556828
1037457.4574572501,15907605166996064e-23,-0.07560212617126445
1038707.7077075001,15824531921651477e-23,-0.07773278071872786
1039957.9579577501,15741033945834566e-23,-0.07997539264363691
1041208.208208,15660371590135107e-23,-0.0824283185076075
1042458.4584582502,15579206282611948e-23,-0.08443447643454101
1043708.7087085001,15497545246778122e-23,-0.08663576496842312
1044958.9589587501,15414719401823847e-23,-0.08896849547712496
1046209.2092090001,15337106989618033e-23,-0.0913759343682828
1047459.4594592501,15257514829850895e-23,-0.09338027357787099
1048709.7097095,15176232663961128e-23,-0.09566260917100378
1049959.95995975,15098173436093184e-23,-0.09778163505404062
1051210.2102100002,15020046198256472e-23,-0.10025905726644968
1052460.46046025,14941433452361585e-23,-0.10240979984309738
1053710.7107105001,14863712473744585e-23,-0.10477647481454179
1054960.96096075,1478791101337881e-22,-0.10696268503383723
1056211.211211,14711263943025247e-23,-0.10915819312635341
1057461.4614612502,14634293420030577e-23,-0.11139879197900851
1058711.7117115,14559999881051315e-23,-0.11367625643810039
1059961.9619617502,14483623681128416e-23,-0.11580313761321687
1061212.212212,1441013885495597e-22,-0.1180550287470226
1062462.4624622501,14338464542307397e-23,-0.12018761128918184
1063712.7127125,1426482202642815e-22,-0.12243325854858611
1064962.96296275,14191715738981544e-23,-0.1244751691003798
1066213.2132130002,14122228908705382e-23,-0.1266251244517139
1067463.46346325,14052291407056176e-23,-0.12887454410894317
1068713.7137135002,13981753274425806e-23,-0.13103904122743804
1069963.96396375,13912210656241302e-23,-0.133253496256888
1071214.2142140002,1384176955445691e-22,-0.13549854943489117
1072464.46446425,13774602233311868e-23,-0.1375964912228296
1073714.7147145001,13707506448930427e-23,-0.13990751697162412
1074964.9649647502,13637854488975644e-23,-0.14234359277686087
1076215.215215,13572551529081825e-23,-0.1444013109997205
1077465.4654652502,13504351982416677e-23,-0.14675337227685564
1078715.7157155,13438779783822823e-23,-0.14896207605134765
1079965.9659657502,13373747193744026e-23,-0.15146881586870511
1081216.216216,1330531673659587e-22,-0.15349886088347733
1082466.4664662501,13240364099578585e-23,-0.15567735608474229
1083716.7167165002,13176470861942552e-23,-0.15807277843847195
1084966.96696675,13110909644055646e-23,-0.16033273869090955
1086217.2172170002,13047170895644123e-23,-0.16269880194515057
1087467.46746725,12982607377412608e-23,-0.16484323134293813
1088717.7177175002,12918613704290836e-23,-0.16700836839992977
1089967.96796775,1285684717720684e-22,-0.16939616967284496
1091218.2182180001,12792909506336228e-23,-0.1716861755555826
1092468.46846825,1273270900125439e-22,-0.17387652431190487
1093718.7187185,1266910969987826e-22,-0.17604658909885146
1094968.9689687502,12607525845521716e-23,-0.17830645799281514
1096219.219219,1254732974849399e-22,-0.18045810068516815
1097469.4694692502,12484467870433304e-23,-0.1827260819227446
1098719.7197195,12423270867016447e-23,-0.18495495911976126
1099969.9699697501,12364517314566763e-23,-0.18715906767406013
1101220.22022,12306341267194423e-23,-0.18942861554846022
1102470.4704702501,12245954980318836e-23,-0.19159488382957607
1103720.7207205002,1218887945672048e-22,-0.1937800506402904
1104970.97097075,12130555146399583e-23,-0.19600184911745275
1106221.2212210002,12073443531793023e-23,-0.1981548596185985
1107471.47147125,120151304958439e-21,-0.200080618549879
1108721.7217215002,11959039066983102e-23,-0.20251111501782945
1109971.97197175,11903998961695902e-23,-0.20468933722202334
1111222.2222220001,11848620491702777e-23,-0.2070666753288015
1112472.4724722502,1179188669863389e-22,-0.20918499307493266
1113722.7227225,11736406173638965e-23,-0.21148148242697934
1114972.9729727502,11681210389940321e-23,-0.21366478548806134
1116223.223223,11624902058251319e-23,-0.21593858944879224
1117473.4734732502,11571034995080746e-23,-0.2182089341026824
1118723.7237235,11518346851416922e-23,-0.22030084707785427
1119973.9739737501,11463352839891675e-23,-0.22246348448148193
1121224.2242240002,11410397727497623e-23,-0.22489815461319987
1122474.47447425,11357714649407898e-23,-0.22722133020156252
1123724.7247245002,11303361342721482e-23,-0.22932748871410097
1124974.97497475,1125042303632307e-22,-0.2315493881315777
1126225.2252250002,11197236712627828e-23,-0.233596246835965
1127475.47547525,11146219123160947e-23,-0.23603023938098563
1128725.7257255001,11092904937612475e-23,-0.23813088861595283
1129975.97597575,11042234424370054e-23,-0.24034026017409876
1131226.226226,10991610541875959e-23,-0.24261011831171778
1132476.4764762502,10941828865787263e-23,-0.2447732737651085
1133726.7267265,10889586849435681e-23,-0.24702829337498225
1134976.9769767502,10839658333672782e-23,-0.24916819151257574
1136227.227227,10789760006623183e-23,-0.2513439356220792
1137477.4774772502,10739764987866184e-23,-0.25345204127688425
1138727.7277275,10690173042757739e-23,-0.25575810282377076
1139977.9779777501,10640804345479583e-23,-0.25777711354939636
1141228.2282280002,1059206428567876e-22,-0.2599598941310873
1142478.47847825,10542616571645358e-23,-0.2622791000824725
1143728.7287285002,10493244010693424e-23,-0.26451776170858254
1144978.97897875,10446448277058909e-23,-0.2663967687178412
1146229.2292290002,10398890500928357e-23,-0.26883296650632077
1147479.47947925,10352737061014997e-23,-0.2706950237018888
1148729.7297295001,10303018725589266e-23,-0.27268005260451533
1149979.9799797502,10258372396346463e-23,-0.27495527412508525
1151230.23023,10210384629832676e-23,-0.27706693235977925
1152480.4804802502,10167023382627853e-23,-0.27911164500358315
1153730.7307305,10120076846060389e-23,-0.28131483388365025
1154980.9809807502,1007395454300696e-22,-0.28339592027492244
1156231.231231,1002892086256687e-22,-0.2855116225258936
1157481.4814812501,9983431593411248e-23,-0.28759492797707015
1158731.7317315,9939747564491866e-23,-0.28966983103728366
1159981.98198175,9895859535335399e-23,-0.29187291042987934
1161232.2322320002,9852839991005209e-23,-0.29365716012301196
1162482.48248225,9808167605372293e-23,-0.29597681019789474
1163732.7327325002,9764480543069125e-23,-0.2980411374981106
1164982.98298275,9722345468541749e-23,-0.30001669264532976
1166233.2332330002,9678086818901216e-23,-0.3021572704795486
1167483.48348325,9635146480152932e-23,-0.30414928286745807
1168733.7337335001,9593557225407327e-23,-0.3062669095691301
1169983.9839837502,9551466004613549e-23,-0.30826104221998124
1171234.234234,9510368291047617e-23,-0.31027146168520026
1172484.4844842502,9467302903701987e-23,-0.3122316663946824
1173734.7347345,942762967411661e-22,-0.31459253369285944
1174984.9849847502,9385730443490606e-23,-0.31650195858362357
1176235.235235,9345212367684347e-23,-0.3185016592863747
1177485.4854852501,9306407578203837e-23,-0.32036698442034195
1178735.7357355002,9265838927273949e-23,-0.3224840886252566
1179985.98598575,9225019840154143e-23,-0.3244590250762069
1181236.2362360002,9185854749248243e-23,-0.3267162207621208
1182486.48648625,9145991925540751e-23,-0.32840425633463444
1183736.7367365002,9106701055597437e-23,-0.3304511165978455
1184986.98698675,9068009721107717e-23,-0.33247718959762856
1186237.2372370001,9029980069753307e-23,-0.33447069752349456
1187487.4874872502,8991670022753758e-23,-0.33639411587976
1188737.7377375,8954277325233578e-23,-0.3385199336052209
1189987.9879877502,8916424376600509e-23,-0.3403577108500693
1191238.238238,887955619823985e-22,-0.3423882100361819
1192488.4884882502,8840980959041052e-23,-0.34428859137032786
1193738.7387385,8805000443267352e-23,-0.3462334223764505
1194988.9889887501,8770413741137982e-23,-0.34817945148893575
1196239.239239,8732195172502776e-23,-0.3500895369442354
1197489.4894892501,869768194753008e-22,-0.3520038750193453
1198739.7397395002,8662977867604886e-23,-0.3539250757520603
1199989.98998975,8626356369299364e-23,-0.3557254480228039
1201240.2402400002,8592170120053496e-23,-0.3578994042922629
1202490.49049025,8559096497875109e-23,-0.3597307979401849
1203740.7407405002,8523606194881504e-23,-0.3619551738853957
1204990.99099075,8490189199605908e-23,-0.36368175632983923
1206241.2412410001,8455275545495925e-23,-0.3658217651143258
1207491.4914912502,8421588853715626e-23,-0.3677689221404822
1208741.7417415,8389305529011222e-23,-0.36973323038957934
1209991.9919917502,8357140476835438e-23,-0.3716001210339169
1211242.242242,8324630826880369e-23,-0.37360548165543983
1212492.4924922502,8293285602571988e-23,-0.37559015287880715
1213742.7427425,8259699717738434e-23,-0.3776733175524589
1214992.9929927501,822816245530045e-22,-0.3797316116242248
1216243.2432430002,8195443485634309e-23,-0.38192424581469453
1217493.49349325,8164768781329992e-23,-0.3838750870456528
1218743.7437435002,813392085748108e-22,-0.3861854402571449
1219993.99399375,8103947626015976e-23,-0.3880229638435369
1221244.2442440002,8071424992758705e-23,-0.3904844545724971
1222494.49449425,8040513308849471e-23,-0.39262812279605197
1223744.7447445001,8011223772785272e-23,-0.39454811275288443
1224994.9949947502,7978914279025119e-23,-0.39682341243512753
1226245.245245,7948292936488919e-23,-0.39898025856776065
1227495.4954952502,7917239529882655e-23,-0.40124342725227796
1228745.7457455,7887109364712212e-23,-0.40341915899689174
1229995.9959957502,7856613660686327e-23,-0.40542117627264596
1231246.246246,7826195504258216e-23,-0.40775451757308984
1232496.4964962502,779574627649434e-22,-0.4099727974569505
1233746.7467465,7767579244552873e-23,-0.41208842243460386
1234996.9969967501,7735781655887745e-23,-0.41431442086806436
1236247.2472470002,7705543954570058e-23,-0.4163953986177039
1237497.49749725,7675725993436728e-23,-0.4186084849068268
1238747.7477475002,7645747508256977e-23,-0.42094000348826965
1239997.99799775,761466248258813e-22,-0.4229110345493657
1241248.2482480002,7585834501019436e-23,-0.4252696980139609
1242498.49849825,7556096280227262e-23,-0.4273576674658939
1243748.7487485001,7526568870041419e-23,-0.4292788456229667
1244998.9989987502,7496754036089858e-23,-0.4315982616012178
1246249.249249,7468226063252875e-23,-0.43377070712845917
1247499.4994992502,7439732565408779e-23,-0.4357346305469076
1248749.7497495,741036081253425e-22,-0.437896603800203
1249999.9999997502,7382232525813272e-23,-0.440040585604307
